Date,Transaction ID,Type,Amount,Fee,Status
2026-07-21,TXN1001,Sale,$91.05,$2.19,Completed
2026-07-21,TXN1002,Sale,$23.63,$0.57,Completed
2026-07-21,TXN1003,Sale,$90.95,$2.18,Cancelled
2026-07-21,TXN1004,Sale,$74.14,$1.78,Completed
2026-07-21,TXN1005,Sale,$18.49,$0.44,Voided
2026-07-21,TXN1006,Sale,$75.43,$1.81,Completed
2026-07-21,TXN1007,Sale,$88.19,$2.12,Completed
2026-07-21,TXN1008,Sale,$54.99,$1.32,Completed
2026-07-21,TXN1009,Sale,$39.16,$0.94,Completed
2026-07-21,TXN1010,Sale,$92.99,$2.23,Completed
2026-07-21,TXN1011,Sale,$55.33,$1.33,Completed
2026-07-21,TXN1012,Sale,$32.12,$0.77,Completed
2026-07-21,TXN1013,Sale,$19.45,$0.47,Completed
2026-07-21,TXN1014,Sale,$48.21,$1.16,Completed
2026-07-21,TXN1015,Sale,$37.63,$0.90,Completed
2026-07-21,TXN1016,Sale,$59.46,$1.43,Voided
2026-07-21,TXN1017,Sale,$111.30,$2.67,Completed
2026-07-21,TXN1018,Sale,$40.84,$0.98,Voided
2026-07-21,TXN1019,Sale,$107.17,$2.57,Completed
2026-07-21,TXN1020,Sale,$29.54,$0.71,Completed
2026-07-21,TXN1021,Sale,$82.06,$1.97,Voided
2026-07-21,TXN1022,Sale,$118.34,$2.84,Completed
2026-07-21,TXN1023,Sale,$105.05,$2.52,Completed
2026-07-21,TXN1024,Sale,$58.78,$1.41,Completed
2026-07-21,TXN1025,Sale,$26.22,$0.63,Completed
2026-07-21,TXN1026,Sale,$83.06,$1.99,Completed
2026-07-21,TXN1027,Sale,$84.56,$2.03,Completed
2026-07-21,TXN1028,Sale,$79.12,$1.90,Voided
2026-07-21,TXN1029,Sale,$35.42,$0.85,Completed
2026-07-21,TXN1030,Sale,$38.23,$0.92,Completed
2026-07-21,TXN1031,Sale,$85.07,$2.04,Completed
2026-07-21,TXN1032,Sale,$44.32,$1.06,Completed
2026-07-21,TXN1033,Sale,$14.27,$0.34,Completed
2026-07-21,TXN1034,Sale,$98.17,$2.36,Completed
2026-07-21,TXN1035,Sale,$15.41,$0.37,Completed
2026-07-21,TXN1036,Sale,$71.52,$1.72,Completed
2026-07-21,TXN1037,Sale,$31.81,$0.76,Completed
2026-07-21,TXN1038,Sale,$107.08,$2.57,Completed
2026-07-21,TXN1039,Sale,$24.00,$0.58,Completed
2026-07-21,TXN1040,Sale,$91.44,$2.19,Completed
2026-07-21,TXN1041,Sale,$91.67,$2.20,Completed
2026-07-21,TXN1042,Sale,$73.36,$1.76,Completed
2026-07-21,TXN1043,Sale,$119.70,$2.87,Completed
2026-07-21,TXN1044,Sale,$63.27,$1.52,Completed
2026-07-21,TXN1045,Sale,$104.44,$2.51,Completed
2026-07-21,TXN1046,Sale,$25.92,$0.62,Completed
2026-07-21,TXN1047,Sale,$74.80,$1.80,Completed
2026-07-21,TXN1048,Sale,$74.74,$1.79,Completed
2026-07-21,TXN1049,Sale,$36.16,$0.87,Completed
2026-07-21,TXN1050,Sale,$113.55,$2.73,Completed
2026-07-22,TXN1051,Sale,$84.35,$2.02,Completed
2026-07-22,TXN1052,Sale,$37.88,$0.91,Completed
2026-07-22,TXN1053,Sale,$20.49,$0.49,Completed
2026-07-22,TXN1054,Sale,$58.82,$1.41,Completed
2026-07-22,TXN1055,Sale,$106.10,$2.55,Completed
2026-07-22,TXN1056,Sale,$64.07,$1.54,Completed
2026-07-22,TXN1057,Sale,$110.21,$2.65,Completed
2026-07-22,TXN1058,Sale,$41.43,$0.99,Completed
2026-07-22,TXN1059,Sale,$76.20,$1.83,Completed
2026-07-22,TXN1060,Sale,$93.40,$2.24,Completed
2026-07-22,TXN1061,Sale,$95.21,$2.29,Completed
2026-07-22,TXN1062,Sale,$8.06,$0.19,Completed
2026-07-22,TXN1063,Sale,$10.18,$0.24,Completed
2026-07-22,TXN1064,Sale,$106.42,$2.55,Completed
2026-07-22,TXN1065,Sale,$42.44,$1.02,Completed
2026-07-22,TXN1066,Sale,$106.34,$2.55,Voided
2026-07-22,TXN1067,Sale,$17.59,$0.42,Completed
2026-07-22,TXN1068,Sale,$15.75,$0.38,Completed
2026-07-22,TXN1069,Sale,$93.77,$2.25,Completed
2026-07-22,TXN1070,Sale,$61.23,$1.47,Completed
2026-07-22,TXN1071,Sale,$37.69,$0.90,Completed
2026-07-22,TXN1072,Sale,$55.39,$1.33,Completed
2026-07-22,TXN1073,Sale,$68.40,$1.64,Completed
2026-07-22,TXN1074,Sale,$30.53,$0.73,Completed
2026-07-22,TXN1075,Sale,$119.46,$2.87,Completed
2026-07-22,TXN1076,Sale,$57.07,$1.37,Completed
2026-07-22,TXN1077,Sale,$21.55,$0.52,Completed
2026-07-22,TXN1078,Sale,$45.87,$1.10,Completed
2026-07-22,TXN1079,Sale,$33.77,$0.81,Completed
2026-07-22,TXN1080,Sale,$15.95,$0.38,Completed
2026-07-22,TXN1081,Sale,$33.64,$0.81,Completed
2026-07-22,TXN1082,Sale,$104.28,$2.50,Completed
2026-07-22,TXN1083,Sale,$34.66,$0.83,Voided
2026-07-22,TXN1084,Sale,$31.99,$0.77,Completed
2026-07-22,TXN1085,Sale,$112.78,$2.71,Completed
2026-07-22,TXN1086,Sale,$60.94,$1.46,Completed
2026-07-22,TXN1087,Sale,$98.44,$2.36,Completed
2026-07-22,TXN1088,Sale,$18.86,$0.45,Completed
2026-07-22,TXN1089,Sale,$55.44,$1.33,Completed
2026-07-22,TXN1090,Sale,$89.66,$2.15,Completed
2026-07-22,TXN1091,Sale,$118.23,$2.84,Completed
2026-07-22,TXN1092,Sale,$53.09,$1.27,Cancelled
2026-07-22,TXN1093,Sale,$104.51,$2.51,Completed
2026-07-22,TXN1094,Sale,$29.30,$0.70,Completed
2026-07-22,TXN1095,Sale,$55.25,$1.33,Completed
2026-07-22,TXN1096,Sale,$35.98,$0.86,Completed
2026-07-22,TXN1097,Sale,$57.63,$1.38,Completed
2026-07-22,TXN1098,Sale,$69.64,$1.67,Completed
2026-07-22,TXN1099,Sale,$119.92,$2.88,Voided
2026-07-22,TXN1100,Sale,$116.53,$2.80,Completed
2026-07-22,TXN1101,Sale,$103.05,$2.47,Completed
2026-07-23,TXN1102,Sale,$61.91,$1.49,Completed
2026-07-23,TXN1103,Sale,$109.07,$2.62,Completed
2026-07-23,TXN1104,Sale,$8.24,$0.20,Completed
2026-07-23,TXN1105,Sale,$111.77,$2.68,Completed
2026-07-23,TXN1106,Sale,$39.95,$0.96,Completed
2026-07-23,TXN1107,Sale,$89.82,$2.16,Completed
2026-07-23,TXN1108,Sale,$82.13,$1.97,Completed
2026-07-23,TXN1109,Sale,$29.27,$0.70,Completed
2026-07-23,TXN1110,Sale,$14.55,$0.35,Completed
2026-07-23,TXN1111,Sale,$14.83,$0.36,Completed
2026-07-23,TXN1112,Sale,$13.62,$0.33,Completed
2026-07-23,TXN1113,Sale,$110.97,$2.66,Completed
2026-07-23,TXN1114,Sale,$14.37,$0.34,Completed
2026-07-23,TXN1115,Sale,$103.35,$2.48,Completed
2026-07-23,TXN1116,Sale,$15.61,$0.37,Voided
2026-07-23,TXN1117,Sale,$53.22,$1.28,Completed
2026-07-23,TXN1118,Sale,$71.80,$1.72,Completed
2026-07-23,TXN1119,Sale,$12.45,$0.30,Completed
2026-07-23,TXN1120,Sale,$81.63,$1.96,Cancelled
2026-07-23,TXN1121,Sale,$43.43,$1.04,Completed
2026-07-23,TXN1122,Sale,$83.01,$1.99,Completed
2026-07-23,TXN1123,Sale,$37.75,$0.91,Completed
2026-07-23,TXN1124,Sale,$80.30,$1.93,Completed
2026-07-23,TXN1125,Sale,$112.05,$2.69,Completed
2026-07-23,TXN1126,Sale,$9.04,$0.22,Completed
2026-07-23,TXN1127,Sale,$71.06,$1.71,Completed
2026-07-23,TXN1128,Sale,$68.22,$1.64,Cancelled
2026-07-23,TXN1129,Sale,$22.84,$0.55,Completed
2026-07-23,TXN1130,Sale,$15.70,$0.38,Completed
2026-07-23,TXN1131,Sale,$39.92,$0.96,Completed
2026-07-23,TXN1132,Sale,$68.84,$1.65,Completed
2026-07-23,TXN1133,Sale,$118.19,$2.84,Completed
2026-07-23,TXN1134,Sale,$67.24,$1.61,Completed
2026-07-23,TXN1135,Sale,$70.12,$1.68,Completed
2026-07-23,TXN1136,Sale,$19.60,$0.47,Completed
2026-07-24,TXN1137,Sale,$107.65,$2.58,Completed
2026-07-24,TXN1138,Sale,$25.41,$0.61,Completed
2026-07-24,TXN1139,Sale,$31.59,$0.76,Completed
2026-07-24,TXN1140,Sale,$85.00,$2.04,Completed
2026-07-24,TXN1141,Sale,$64.61,$1.55,Completed
2026-07-24,TXN1142,Sale,$109.71,$2.63,Completed
2026-07-24,TXN1143,Sale,$79.04,$1.90,Voided
2026-07-24,TXN1144,Sale,$12.94,$0.31,Completed
2026-07-24,TXN1145,Sale,$22.65,$0.54,Completed
2026-07-24,TXN1146,Sale,$26.10,$0.63,Completed
2026-07-24,TXN1147,Sale,$87.03,$2.09,Completed
2026-07-24,TXN1148,Sale,$20.53,$0.49,Completed
2026-07-24,TXN1149,Sale,$85.39,$2.05,Completed
2026-07-24,TXN1150,Sale,$12.04,$0.29,Completed
2026-07-24,TXN1151,Sale,$69.88,$1.68,Completed
2026-07-24,TXN1152,Sale,$12.68,$0.30,Completed
2026-07-24,TXN1153,Sale,$112.51,$2.70,Completed
2026-07-24,TXN1154,Sale,$12.47,$0.30,Completed
2026-07-24,TXN1155,Sale,$84.39,$2.03,Completed
2026-07-24,TXN1156,Sale,$47.61,$1.14,Completed
2026-07-24,TXN1157,Sale,$105.97,$2.54,Completed
2026-07-24,TXN1158,Sale,$91.94,$2.21,Completed
2026-07-24,TXN1159,Sale,$34.51,$0.83,Completed
2026-07-24,TXN1160,Sale,$97.59,$2.34,Completed
2026-07-24,TXN1161,Sale,$54.18,$1.30,Completed
2026-07-24,TXN1162,Sale,$111.54,$2.68,Completed
2026-07-24,TXN1163,Sale,$54.11,$1.30,Completed
2026-07-24,TXN1164,Sale,$90.33,$2.17,Completed
2026-07-24,TXN1165,Sale,$25.83,$0.62,Completed
2026-07-24,TXN1166,Sale,$50.84,$1.22,Completed
2026-07-24,TXN1167,Sale,$60.72,$1.46,Voided
2026-07-24,TXN1168,Sale,$110.87,$2.66,Completed
2026-07-24,TXN1169,Sale,$99.90,$2.40,Completed
2026-07-24,TXN1170,Sale,$32.97,$0.79,Completed
2026-07-25,TXN1171,Sale,$44.77,$1.07,Completed
2026-07-25,TXN1172,Sale,$116.29,$2.79,Completed
2026-07-25,TXN1173,Sale,$79.85,$1.92,Completed
2026-07-25,TXN1174,Sale,$117.89,$2.83,Completed
2026-07-25,TXN1175,Sale,$113.19,$2.72,Completed
2026-07-25,TXN1176,Sale,$116.68,$2.80,Completed
2026-07-25,TXN1177,Sale,$115.80,$2.78,Completed
2026-07-25,TXN1178,Sale,$20.14,$0.48,Completed
2026-07-25,TXN1179,Sale,$89.60,$2.15,Completed
2026-07-25,TXN1180,Sale,$75.90,$1.82,Completed
2026-07-25,TXN1181,Sale,$51.14,$1.23,Completed
2026-07-25,TXN1182,Sale,$36.53,$0.88,Completed
2026-07-25,TXN1183,Sale,$8.19,$0.20,Completed
2026-07-25,TXN1184,Sale,$68.31,$1.64,Completed
2026-07-25,TXN1185,Sale,$91.10,$2.19,Completed
2026-07-25,TXN1186,Sale,$48.79,$1.17,Completed
2026-07-25,TXN1187,Sale,$82.39,$1.98,Voided
2026-07-25,TXN1188,Sale,$43.16,$1.04,Completed
2026-07-25,TXN1189,Sale,$88.61,$2.13,Completed
2026-07-25,TXN1190,Sale,$42.64,$1.02,Completed
2026-07-25,TXN1191,Sale,$53.07,$1.27,Completed
2026-07-25,TXN1192,Sale,$22.26,$0.53,Completed
2026-07-25,TXN1193,Sale,$113.32,$2.72,Completed
2026-07-25,TXN1194,Sale,$109.11,$2.62,Completed
2026-07-25,TXN1195,Sale,$41.71,$1.00,Completed
2026-07-25,TXN1196,Sale,$8.05,$0.19,Completed
2026-07-25,TXN1197,Sale,$56.15,$1.35,Completed
2026-07-25,TXN1198,Sale,$81.33,$1.95,Completed
2026-07-25,TXN1199,Sale,$57.52,$1.38,Completed
2026-07-25,TXN1200,Sale,$61.00,$1.46,Completed
2026-07-25,TXN1201,Sale,$97.15,$2.33,Completed
2026-07-25,TXN1202,Sale,$17.50,$0.42,Completed
2026-07-25,TXN1203,Sale,$78.89,$1.89,Completed
2026-07-25,TXN1204,Sale,$99.66,$2.39,Completed
2026-07-25,TXN1205,Sale,$83.35,$2.00,Completed
2026-07-25,TXN1206,Sale,$30.30,$0.73,Completed
2026-07-25,TXN1207,Refund,($35.42),$0.00,Completed
2026-07-25,TXN1208,Sale,$103.17,$2.48,Completed
2026-07-25,TXN1209,Sale,$54.42,$1.31,Voided
2026-07-25,TXN1210,Sale,$29.78,$0.71,Completed
2026-07-25,TXN1211,Sale,$63.37,$1.52,Completed
2026-07-25,TXN1212,Sale,$81.48,$1.96,Completed
2026-07-25,TXN1213,Refund,($92.11),$0.00,Completed
2026-07-25,TXN1214,Sale,$19.94,$0.48,Completed
2026-07-25,TXN1215,Sale,$27.70,$0.66,Completed
2026-07-25,TXN1216,Sale,$66.01,$1.58,Completed
2026-07-25,TXN1217,Sale,$35.91,$0.86,Voided
2026-07-25,TXN1218,Sale,$59.12,$1.42,Completed
2026-07-25,TXN1219,Sale,$82.77,$1.99,Completed
2026-07-25,TXN1220,Sale,$74.69,$1.79,Completed
2026-07-25,TXN1221,Sale,$107.84,$2.59,Completed
2026-07-25,TXN1222,Sale,$88.56,$2.13,Completed
2026-07-25,TXN1223,Sale,$101.02,$2.42,Completed
2026-07-25,TXN1224,Sale,$108.49,$2.60,Completed
2026-07-25,TXN1225,Sale,$61.16,$1.47,Completed
2026-07-25,TXN1226,Sale,$35.69,$0.86,Completed
2026-07-25,TXN1227,Sale,$93.77,$2.25,Completed
2026-07-25,TXN1228,Sale,$78.20,$1.88,Completed
2026-07-25,TXN1229,Sale,$16.68,$0.40,Completed
2026-07-25,TXN1230,Sale,$38.43,$0.92,Completed
2026-07-25,TXN1231,Sale,$68.50,$1.64,Completed
2026-07-25,TXN1232,Sale,$33.90,$0.81,Completed
2026-07-25,TXN1233,Sale,$87.12,$2.09,Completed
2026-07-25,TXN1234,Sale,$53.65,$1.29,Voided
2026-07-25,TXN1235,Sale,$54.57,$1.31,Completed
2026-07-25,TXN1236,Sale,$55.06,$1.32,Completed
2026-07-25,TXN1237,Sale,$73.42,$1.76,Completed
2026-07-25,TXN1238,Sale,$103.95,$2.49,Completed
2026-07-25,TXN1239,Sale,$50.60,$1.21,Completed
2026-07-25,TXN1240,Refund,($47.40),$0.00,Completed
2026-07-25,TXN1241,Sale,$103.59,$2.49,Completed
2026-07-25,TXN1242,Sale,$54.93,$1.32,Completed
2026-07-25,TXN1243,Sale,$69.17,$1.66,Completed
2026-07-25,TXN1244,Sale,$32.70,$0.78,Completed
2026-07-25,TXN1245,Sale,$56.81,$1.36,Completed
2026-07-25,TXN1246,Refund,($45.65),$0.00,Completed
2026-07-26,TXN1247,Sale,$89.11,$2.14,Completed
2026-07-26,TXN1248,Sale,$110.99,$2.66,Completed
2026-07-26,TXN1249,Sale,$67.82,$1.63,Completed
2026-07-26,TXN1250,Sale,$74.29,$1.78,Completed
2026-07-26,TXN1251,Sale,$17.40,$0.42,Completed
2026-07-26,TXN1252,Sale,$105.09,$2.52,Completed
2026-07-26,TXN1253,Sale,$37.14,$0.89,Completed
2026-07-26,TXN1254,Sale,$58.93,$1.41,Completed
2026-07-26,TXN1255,Sale,$106.52,$2.56,Completed
2026-07-26,TXN1256,Sale,$114.53,$2.75,Completed
2026-07-26,TXN1257,Sale,$101.51,$2.44,Completed
2026-07-26,TXN1258,Sale,$91.89,$2.21,Completed
2026-07-26,TXN1259,Sale,$114.62,$2.75,Voided
2026-07-26,TXN1260,Sale,$15.69,$0.38,Completed
2026-07-26,TXN1261,Sale,$12.51,$0.30,Completed
2026-07-26,TXN1262,Sale,$35.70,$0.86,Voided
2026-07-26,TXN1263,Sale,$77.59,$1.86,Completed
2026-07-26,TXN1264,Sale,$61.04,$1.46,Completed
2026-07-26,TXN1265,Sale,$114.15,$2.74,Completed
2026-07-26,TXN1266,Sale,$36.70,$0.88,Completed
2026-07-26,TXN1267,Sale,$75.86,$1.82,Completed
2026-07-26,TXN1268,Sale,$88.46,$2.12,Completed
2026-07-26,TXN1269,Sale,$26.34,$0.63,Completed
2026-07-26,TXN1270,Sale,$72.81,$1.75,Completed
2026-07-26,TXN1271,Sale,$72.49,$1.74,Completed
2026-07-26,TXN1272,Sale,$50.03,$1.20,Completed
2026-07-26,TXN1273,Sale,$30.21,$0.73,Completed
2026-07-26,TXN1274,Sale,$101.02,$2.42,Completed
2026-07-26,TXN1275,Sale,$86.09,$2.07,Completed
2026-07-26,TXN1276,Sale,$84.64,$2.03,Completed
2026-07-26,TXN1277,Sale,$97.18,$2.33,Completed
2026-07-26,TXN1278,Sale,$12.60,$0.30,Completed
2026-07-26,TXN1279,Sale,$82.09,$1.97,Completed
2026-07-26,TXN1280,Sale,$80.52,$1.93,Voided
2026-07-26,TXN1281,Refund,($55.05),$0.00,Completed
2026-07-26,TXN1282,Sale,$56.55,$1.36,Completed
2026-07-26,TXN1283,Sale,$107.86,$2.59,Completed
2026-07-26,TXN1284,Sale,$25.14,$0.60,Completed
2026-07-26,TXN1285,Sale,$66.44,$1.59,Completed
2026-07-26,TXN1286,Sale,$76.98,$1.85,Completed
2026-07-26,TXN1287,Sale,$94.76,$2.27,Completed
2026-07-26,TXN1288,Sale,$100.48,$2.41,Completed
2026-07-26,TXN1289,Sale,$44.10,$1.06,Completed
2026-07-26,TXN1290,Sale,$112.68,$2.70,Completed
2026-07-26,TXN1291,Sale,$58.49,$1.40,Completed
2026-07-26,TXN1292,Sale,$71.82,$1.72,Completed
2026-07-26,TXN1293,Sale,$45.68,$1.10,Completed
2026-07-26,TXN1294,Sale,$44.40,$1.07,Completed
2026-07-26,TXN1295,Sale,$47.74,$1.15,Completed
2026-07-26,TXN1296,Sale,$39.32,$0.94,Completed
2026-07-26,TXN1297,Sale,$106.57,$2.56,Completed
2026-07-26,TXN1298,Sale,$65.86,$1.58,Completed
2026-07-26,TXN1299,Sale,$35.03,$0.84,Completed
2026-07-26,TXN1300,Sale,$70.18,$1.68,Completed
2026-07-26,TXN1301,Sale,$61.32,$1.47,Completed
2026-07-26,TXN1302,Sale,$58.20,$1.40,Completed
2026-07-26,TXN1303,Refund,($40.95),$0.00,Completed
2026-07-26,TXN1304,Sale,$35.25,$0.85,Completed
2026-07-26,TXN1305,Sale,$49.33,$1.18,Completed
2026-07-26,TXN1306,Sale,$46.50,$1.12,Completed
2026-07-26,TXN1307,Sale,$69.64,$1.67,Completed
2026-07-26,TXN1308,Sale,$58.82,$1.41,Completed
2026-07-26,TXN1309,Sale,$33.82,$0.81,Completed
2026-07-26,TXN1310,Sale,$43.34,$1.04,Completed
2026-07-26,TXN1311,Sale,$114.50,$2.75,Completed
2026-07-26,TXN1312,Sale,$29.45,$0.71,Completed
2026-07-26,TXN1313,Sale,$38.97,$0.94,Completed
2026-07-26,TXN1314,Sale,$93.14,$2.24,Completed
2026-07-26,TXN1315,Sale,$117.82,$2.83,Completed
2026-07-26,TXN1316,Sale,$41.18,$0.99,Completed
2026-07-26,TXN1317,Sale,$41.85,$1.00,Completed
2026-07-26,TXN1318,Sale,$22.18,$0.53,Completed
2026-07-26,TXN1319,Sale,$14.11,$0.34,Voided
2026-07-26,TXN1320,Sale,$113.74,$2.73,Completed
2026-07-26,TXN1321,Sale,$92.31,$2.22,Completed
2026-07-26,TXN1322,Sale,$9.37,$0.22,Cancelled
2026-07-27,TXN1323,Sale,$57.33,$1.38,Completed
2026-07-27,TXN1324,Sale,$13.75,$0.33,Completed
2026-07-27,TXN1325,Sale,$61.51,$1.48,Completed
2026-07-27,TXN1326,Sale,$52.88,$1.27,Completed
2026-07-27,TXN1327,Sale,$78.50,$1.88,Voided
2026-07-27,TXN1328,Sale,$24.71,$0.59,Voided
2026-07-27,TXN1329,Sale,$42.03,$1.01,Completed
2026-07-27,TXN1330,Sale,$21.27,$0.51,Completed
2026-07-27,TXN1331,Sale,$75.91,$1.82,Completed
2026-07-27,TXN1332,Sale,$33.28,$0.80,Completed
2026-07-27,TXN1333,Sale,$58.46,$1.40,Completed
2026-07-27,TXN1334,Sale,$104.34,$2.50,Completed
2026-07-27,TXN1335,Sale,$42.20,$1.01,Completed
2026-07-27,TXN1336,Sale,$76.28,$1.83,Completed
2026-07-27,TXN1337,Sale,$114.13,$2.74,Completed
2026-07-27,TXN1338,Sale,$31.63,$0.76,Completed
2026-07-27,TXN1339,Sale,$25.59,$0.61,Completed
2026-07-27,TXN1340,Sale,$16.41,$0.39,Completed
2026-07-27,TXN1341,Refund,($58.46),$0.00,Completed
2026-07-27,TXN1342,Sale,$40.62,$0.97,Completed
2026-07-27,TXN1343,Sale,$87.18,$2.09,Completed
2026-07-27,TXN1344,Sale,$58.85,$1.41,Completed
2026-07-27,TXN1345,Sale,$111.48,$2.68,Completed
2026-07-27,TXN1346,Sale,$78.01,$1.87,Completed
2026-07-27,TXN1347,Sale,$112.57,$2.70,Completed
2026-07-27,TXN1348,Sale,$68.99,$1.66,Completed
2026-07-27,TXN1349,Sale,$109.74,$2.63,Completed
2026-07-27,TXN1350,Sale,$16.00,$0.38,Completed
2026-07-27,TXN1351,Sale,$42.45,$1.02,Completed
2026-07-27,TXN1352,Sale,$71.75,$1.72,Completed
2026-07-27,TXN1353,Sale,$21.93,$0.53,Completed
2026-07-27,TXN1354,Sale,$86.37,$2.07,Completed
2026-07-27,TXN1355,Sale,$64.05,$1.54,Completed
2026-07-27,TXN1356,Sale,$17.01,$0.41,Completed
2026-07-27,TXN1357,Sale,$56.39,$1.35,Voided
2026-07-27,TXN1358,Sale,$36.04,$0.86,Completed
2026-07-27,TXN1359,Sale,$115.73,$2.78,Cancelled
2026-07-27,TXN1360,Sale,$72.42,$1.74,Completed
2026-07-27,TXN1361,Sale,$119.95,$2.88,Completed
2026-07-28,TXN1362,Sale,$72.54,$1.74,Completed
2026-07-28,TXN1363,Sale,$27.62,$0.66,Completed
2026-07-28,TXN1364,Sale,$57.53,$1.38,Completed
2026-07-28,TXN1365,Sale,$119.66,$2.87,Completed
2026-07-28,TXN1366,Sale,$99.20,$2.38,Completed
2026-07-28,TXN1367,Sale,$60.64,$1.46,Completed
2026-07-28,TXN1368,Sale,$43.96,$1.06,Completed
2026-07-28,TXN1369,Sale,$26.01,$0.62,Cancelled
2026-07-28,TXN1370,Sale,$63.49,$1.52,Completed
2026-07-28,TXN1371,Sale,$52.85,$1.27,Completed
2026-07-28,TXN1372,Sale,$12.11,$0.29,Completed
2026-07-28,TXN1373,Sale,$36.27,$0.87,Cancelled
2026-07-28,TXN1374,Sale,$94.53,$2.27,Completed
2026-07-28,TXN1375,Sale,$100.39,$2.41,Completed
2026-07-28,TXN1376,Refund,($105.37),$0.00,Completed
2026-07-28,TXN1377,Sale,$14.07,$0.34,Completed
2026-07-28,TXN1378,Sale,$77.73,$1.87,Completed
2026-07-28,TXN1379,Sale,$57.51,$1.38,Completed
2026-07-28,TXN1380,Sale,$37.91,$0.91,Voided
2026-07-28,TXN1381,Sale,$40.26,$0.97,Completed
2026-07-28,TXN1382,Sale,$62.29,$1.49,Completed
2026-07-28,TXN1383,Refund,($78.56),$0.00,Completed
2026-07-28,TXN1384,Sale,$87.50,$2.10,Completed
2026-07-28,TXN1385,Sale,$9.53,$0.23,Completed
2026-07-28,TXN1386,Sale,$33.17,$0.80,Completed
2026-07-28,TXN1387,Sale,$20.71,$0.50,Completed
2026-07-28,TXN1388,Sale,$80.54,$1.93,Completed
2026-07-28,TXN1389,Sale,$112.46,$2.70,Completed
2026-07-28,TXN1390,Sale,$87.01,$2.09,Completed
2026-07-28,TXN1391,Sale,$62.04,$1.49,Completed
2026-07-28,TXN1392,Sale,$59.16,$1.42,Completed
2026-07-28,TXN1393,Sale,$29.35,$0.70,Completed
2026-07-28,TXN1394,Sale,$91.58,$2.20,Completed
2026-07-28,TXN1395,Sale,$15.82,$0.38,Completed
2026-07-28,TXN1396,Sale,$103.69,$2.49,Completed
2026-07-28,TXN1397,Sale,$96.22,$2.31,Completed
2026-07-28,TXN1398,Sale,$8.29,$0.20,Completed
2026-07-28,TXN1399,Sale,$101.80,$2.44,Completed
2026-07-28,TXN1400,Sale,$81.91,$1.97,Completed
2026-07-28,TXN1401,Sale,$58.01,$1.39,Completed
2026-07-28,TXN1402,Sale,$45.23,$1.09,Completed
2026-07-28,TXN1403,Sale,$50.25,$1.21,Completed
2026-07-28,TXN1404,Sale,$105.40,$2.53,Completed
2026-07-28,TXN1405,Sale,$34.75,$0.83,Completed
2026-07-28,TXN1406,Sale,$103.87,$2.49,Completed
2026-07-28,TXN1407,Sale,$43.64,$1.05,Completed
2026-07-28,TXN1408,Sale,$110.30,$2.65,Completed
2026-07-28,TXN1409,Sale,$118.70,$2.85,Completed
2026-07-28,TXN1410,Sale,$81.03,$1.94,Completed
2026-07-28,TXN1411,Sale,$116.06,$2.79,Completed
2026-07-28,TXN1412,Sale,$116.12,$2.79,Completed
2026-07-29,TXN1413,Sale,$105.91,$2.54,Completed
2026-07-29,TXN1414,Sale,$66.91,$1.61,Completed
2026-07-29,TXN1415,Sale,$88.91,$2.13,Completed
2026-07-29,TXN1416,Sale,$81.34,$1.95,Completed
2026-07-29,TXN1417,Sale,$60.58,$1.45,Completed
2026-07-29,TXN1418,Sale,$45.92,$1.10,Completed
2026-07-29,TXN1419,Sale,$80.78,$1.94,Completed
2026-07-29,TXN1420,Sale,$103.46,$2.48,Completed
2026-07-29,TXN1421,Sale,$50.56,$1.21,Completed
2026-07-29,TXN1422,Sale,$88.50,$2.12,Completed
2026-07-29,TXN1423,Sale,$105.71,$2.54,Completed
2026-07-29,TXN1424,Sale,$15.66,$0.38,Voided
2026-07-29,TXN1425,Sale,$111.14,$2.67,Completed
2026-07-29,TXN1426,Sale,$91.64,$2.20,Completed
2026-07-29,TXN1427,Sale,$19.03,$0.46,Completed
2026-07-29,TXN1428,Sale,$105.73,$2.54,Completed
2026-07-29,TXN1429,Sale,$85.73,$2.06,Completed
2026-07-29,TXN1430,Sale,$13.15,$0.32,Completed
2026-07-29,TXN1431,Sale,$40.86,$0.98,Completed
2026-07-29,TXN1432,Sale,$24.30,$0.58,Completed
2026-07-29,TXN1433,Sale,$71.38,$1.71,Completed
2026-07-29,TXN1434,Sale,$27.04,$0.65,Completed
2026-07-29,TXN1435,Sale,$105.53,$2.53,Voided
2026-07-29,TXN1436,Sale,$34.97,$0.84,Completed
2026-07-29,TXN1437,Sale,$24.03,$0.58,Completed
2026-07-29,TXN1438,Sale,$36.45,$0.87,Completed
2026-07-29,TXN1439,Sale,$9.05,$0.22,Completed
2026-07-29,TXN1440,Sale,$108.94,$2.61,Completed
2026-07-29,TXN1441,Sale,$25.69,$0.62,Completed
2026-07-29,TXN1442,Sale,$46.70,$1.12,Completed
2026-07-29,TXN1443,Sale,$79.56,$1.91,Completed
2026-07-29,TXN1444,Sale,$36.01,$0.86,Completed
2026-07-29,TXN1445,Sale,$30.31,$0.73,Completed
2026-07-29,TXN1446,Sale,$62.12,$1.49,Completed
2026-07-29,TXN1447,Sale,$72.06,$1.73,Completed
2026-07-29,TXN1448,Sale,$119.18,$2.86,Completed
2026-07-29,TXN1449,Sale,$117.53,$2.82,Completed
2026-07-29,TXN1450,Sale,$38.74,$0.93,Completed
2026-07-29,TXN1451,Sale,$84.81,$2.04,Completed
2026-07-29,TXN1452,Sale,$13.49,$0.32,Completed
2026-07-30,TXN1453,Sale,$101.28,$2.43,Completed
2026-07-30,TXN1454,Sale,$94.88,$2.28,Completed
2026-07-30,TXN1455,Sale,$97.82,$2.35,Completed
2026-07-30,TXN1456,Sale,$29.29,$0.70,Completed
2026-07-30,TXN1457,Sale,$92.62,$2.22,Completed
2026-07-30,TXN1458,Sale,$84.26,$2.02,Completed
2026-07-30,TXN1459,Sale,$18.88,$0.45,Completed
2026-07-30,TXN1460,Sale,$12.42,$0.30,Completed
2026-07-30,TXN1461,Sale,$11.74,$0.28,Completed
2026-07-30,TXN1462,Sale,$22.72,$0.55,Completed
2026-07-30,TXN1463,Sale,$44.59,$1.07,Completed
2026-07-30,TXN1464,Sale,$30.49,$0.73,Completed
2026-07-30,TXN1465,Sale,$106.16,$2.55,Completed
2026-07-30,TXN1466,Sale,$64.20,$1.54,Completed
2026-07-30,TXN1467,Sale,$26.43,$0.63,Completed
2026-07-30,TXN1468,Sale,$113.75,$2.73,Completed
2026-07-30,TXN1469,Sale,$41.06,$0.99,Completed
2026-07-30,TXN1470,Sale,$98.07,$2.35,Completed
2026-07-30,TXN1471,Sale,$16.43,$0.39,Completed
2026-07-30,TXN1472,Sale,$33.27,$0.80,Completed
2026-07-30,TXN1473,Sale,$83.53,$2.00,Completed
2026-07-30,TXN1474,Sale,$102.72,$2.47,Completed
2026-07-30,TXN1475,Sale,$18.11,$0.43,Completed
2026-07-30,TXN1476,Sale,$37.62,$0.90,Completed
2026-07-30,TXN1477,Sale,$49.28,$1.18,Completed
2026-07-30,TXN1478,Sale,$37.36,$0.90,Completed
2026-07-30,TXN1479,Sale,$79.52,$1.91,Completed
2026-07-30,TXN1480,Sale,$83.58,$2.01,Completed
2026-07-30,TXN1481,Sale,$77.39,$1.86,Completed
2026-07-30,TXN1482,Sale,$44.74,$1.07,Completed
2026-07-30,TXN1483,Sale,$80.54,$1.93,Completed
2026-07-30,TXN1484,Sale,$60.00,$1.44,Completed
2026-07-30,TXN1485,Sale,$80.71,$1.94,Completed
2026-07-30,TXN1486,Sale,$13.08,$0.31,Completed
2026-07-30,TXN1487,Sale,$119.54,$2.87,Voided
2026-07-30,TXN1488,Sale,$34.30,$0.82,Completed
2026-07-30,TXN1489,Sale,$51.53,$1.24,Completed
2026-07-30,TXN1490,Sale,$114.33,$2.74,Completed
2026-07-30,TXN1491,Sale,$68.50,$1.64,Completed
2026-07-30,TXN1492,Sale,$89.38,$2.15,Completed
2026-07-30,TXN1493,Sale,$81.35,$1.95,Completed
2026-07-30,TXN1494,Sale,$76.95,$1.85,Completed
2026-07-30,TXN1495,Sale,$39.33,$0.94,Completed
2026-07-30,TXN1496,Sale,$32.33,$0.78,Completed
2026-07-30,TXN1497,Sale,$34.44,$0.83,Completed
2026-07-30,TXN1498,Sale,$117.86,$2.83,Completed
2026-07-30,TXN1499,Sale,$108.99,$2.62,Completed
2026-07-30,TXN1500,Sale,$14.78,$0.35,Completed
2026-07-30,TXN1501,Sale,$116.44,$2.79,Completed
2026-07-31,TXN1502,Sale,$31.76,$0.76,Cancelled
2026-07-31,TXN1503,Sale,$116.76,$2.80,Completed
2026-07-31,TXN1504,Sale,$45.35,$1.09,Voided
2026-07-31,TXN1505,Sale,$96.14,$2.31,Completed
2026-07-31,TXN1506,Sale,$100.94,$2.42,Completed
2026-07-31,TXN1507,Sale,$73.67,$1.77,Completed
2026-07-31,TXN1508,Sale,$34.10,$0.82,Completed
2026-07-31,TXN1509,Sale,$96.33,$2.31,Completed
2026-07-31,TXN1510,Sale,$39.05,$0.94,Completed
2026-07-31,TXN1511,Sale,$118.60,$2.85,Completed
2026-07-31,TXN1512,Sale,$97.43,$2.34,Completed
2026-07-31,TXN1513,Sale,$105.04,$2.52,Cancelled
2026-07-31,TXN1514,Sale,$48.12,$1.15,Completed
2026-07-31,TXN1515,Sale,$73.95,$1.77,Completed
2026-07-31,TXN1516,Refund,($37.72),$0.00,Completed
2026-07-31,TXN1517,Sale,$55.15,$1.32,Completed
2026-07-31,TXN1518,Sale,$15.12,$0.36,Completed
2026-07-31,TXN1519,Sale,$48.55,$1.17,Completed
2026-07-31,TXN1520,Sale,$58.62,$1.41,Completed
2026-07-31,TXN1521,Sale,$76.89,$1.85,Completed
2026-07-31,TXN1522,Sale,$109.78,$2.63,Completed
2026-07-31,TXN1523,Sale,$41.78,$1.00,Completed
2026-07-31,TXN1524,Sale,$11.49,$0.28,Completed
2026-07-31,TXN1525,Sale,$102.90,$2.47,Completed
2026-07-31,TXN1526,Sale,$20.09,$0.48,Completed
2026-07-31,TXN1527,Sale,$57.68,$1.38,Completed
2026-07-31,TXN1528,Sale,$44.08,$1.06,Completed
2026-07-31,TXN1529,Sale,$22.13,$0.53,Completed
2026-07-31,TXN1530,Sale,$73.56,$1.77,Completed
2026-07-31,TXN1531,Sale,$50.66,$1.22,Completed
2026-07-31,TXN1532,Sale,$41.03,$0.98,Completed
2026-07-31,TXN1533,Sale,$56.18,$1.35,Completed
2026-07-31,TXN1534,Sale,$20.81,$0.50,Completed
2026-07-31,TXN1535,Sale,$106.30,$2.55,Completed
2026-07-31,TXN1536,Sale,$104.94,$2.52,Completed
2026-07-31,TXN1537,Sale,$107.47,$2.58,Completed
2026-07-31,TXN1538,Sale,$100.67,$2.42,Completed
2026-07-31,TXN1539,Sale,$89.72,$2.15,Completed
2026-07-31,TXN1540,Sale,$43.00,$1.03,Completed
2026-07-31,TXN1541,Sale,$114.80,$2.76,Completed
2026-07-31,TXN1542,Sale,$61.12,$1.47,Completed
2026-07-31,TXN1543,Sale,$17.56,$0.42,Cancelled
2026-07-31,TXN1544,Sale,$91.39,$2.19,Completed
2026-07-31,TXN1545,Sale,$22.57,$0.54,Completed
2026-08-01,TXN1546,Sale,$70.90,$1.70,Completed
2026-08-01,TXN1547,Sale,$21.69,$0.52,Completed
2026-08-01,TXN1548,Sale,$82.52,$1.98,Completed
2026-08-01,TXN1549,Sale,$105.23,$2.53,Completed
2026-08-01,TXN1550,Sale,$116.46,$2.80,Completed
2026-08-01,TXN1551,Sale,$47.38,$1.14,Completed
2026-08-01,TXN1552,Sale,$31.83,$0.76,Completed
2026-08-01,TXN1553,Sale,$33.12,$0.79,Completed
2026-08-01,TXN1554,Sale,$102.68,$2.46,Cancelled
2026-08-01,TXN1555,Sale,$93.41,$2.24,Completed
2026-08-01,TXN1556,Sale,$98.41,$2.36,Completed
2026-08-01,TXN1557,Sale,$117.15,$2.81,Completed
2026-08-01,TXN1558,Sale,$76.72,$1.84,Completed
2026-08-01,TXN1559,Sale,$10.94,$0.26,Completed
2026-08-01,TXN1560,Sale,$100.90,$2.42,Completed
2026-08-01,TXN1561,Sale,$28.21,$0.68,Completed
2026-08-01,TXN1562,Sale,$42.61,$1.02,Completed
2026-08-01,TXN1563,Sale,$8.68,$0.21,Completed
2026-08-01,TXN1564,Sale,$71.43,$1.71,Completed
2026-08-01,TXN1565,Sale,$23.89,$0.57,Completed
2026-08-01,TXN1566,Sale,$11.43,$0.27,Completed
2026-08-01,TXN1567,Sale,$32.09,$0.77,Completed
2026-08-01,TXN1568,Sale,$46.18,$1.11,Completed
2026-08-01,TXN1569,Sale,$88.82,$2.13,Completed
2026-08-01,TXN1570,Sale,$71.57,$1.72,Completed
2026-08-01,TXN1571,Sale,$13.89,$0.33,Cancelled
2026-08-01,TXN1572,Sale,$77.20,$1.85,Completed
2026-08-01,TXN1573,Sale,$38.48,$0.92,Completed
2026-08-01,TXN1574,Sale,$62.39,$1.50,Completed
2026-08-01,TXN1575,Sale,$38.59,$0.93,Completed
2026-08-01,TXN1576,Sale,$20.75,$0.50,Completed
2026-08-01,TXN1577,Sale,$39.72,$0.95,Completed
2026-08-01,TXN1578,Sale,$62.50,$1.50,Completed
2026-08-01,TXN1579,Sale,$13.09,$0.31,Completed
2026-08-01,TXN1580,Sale,$75.12,$1.80,Completed
2026-08-01,TXN1581,Refund,($41.76),$0.00,Completed
2026-08-01,TXN1582,Sale,$23.37,$0.56,Completed
2026-08-01,TXN1583,Sale,$44.75,$1.07,Completed
2026-08-01,TXN1584,Refund,($91.67),$0.00,Completed
2026-08-01,TXN1585,Sale,$50.58,$1.21,Completed
2026-08-01,TXN1586,Sale,$64.03,$1.54,Completed
2026-08-01,TXN1587,Sale,$98.29,$2.36,Completed
2026-08-01,TXN1588,Sale,$104.52,$2.51,Voided
2026-08-01,TXN1589,Sale,$10.10,$0.24,Voided
2026-08-01,TXN1590,Sale,$104.56,$2.51,Completed
2026-08-01,TXN1591,Sale,$72.22,$1.73,Completed
2026-08-01,TXN1592,Sale,$54.78,$1.31,Completed
2026-08-01,TXN1593,Sale,$10.34,$0.25,Completed
2026-08-01,TXN1594,Sale,$97.75,$2.35,Completed
2026-08-01,TXN1595,Sale,$101.19,$2.43,Completed
2026-08-01,TXN1596,Sale,$17.87,$0.43,Completed
2026-08-01,TXN1597,Sale,$35.25,$0.85,Completed
2026-08-01,TXN1598,Sale,$66.68,$1.60,Completed
2026-08-01,TXN1599,Sale,$42.75,$1.03,Completed
2026-08-01,TXN1600,Sale,$45.30,$1.09,Completed
2026-08-01,TXN1601,Sale,$65.17,$1.56,Completed
2026-08-02,TXN1602,Sale,$29.72,$0.71,Completed
2026-08-02,TXN1603,Sale,$47.32,$1.14,Completed
2026-08-02,TXN1604,Sale,$80.29,$1.93,Completed
2026-08-02,TXN1605,Sale,$19.51,$0.47,Completed
2026-08-02,TXN1606,Sale,$27.43,$0.66,Completed
2026-08-02,TXN1607,Sale,$93.03,$2.23,Completed
2026-08-02,TXN1608,Sale,$114.54,$2.75,Voided
2026-08-02,TXN1609,Sale,$59.96,$1.44,Completed
2026-08-02,TXN1610,Sale,$72.90,$1.75,Completed
2026-08-02,TXN1611,Sale,$106.79,$2.56,Completed
2026-08-02,TXN1612,Sale,$118.49,$2.84,Completed
2026-08-02,TXN1613,Sale,$116.75,$2.80,Completed
2026-08-02,TXN1614,Sale,$57.25,$1.37,Completed
2026-08-02,TXN1615,Sale,$78.72,$1.89,Completed
2026-08-02,TXN1616,Sale,$74.24,$1.78,Completed
2026-08-02,TXN1617,Sale,$16.31,$0.39,Completed
2026-08-02,TXN1618,Sale,$12.21,$0.29,Completed
2026-08-02,TXN1619,Sale,$40.15,$0.96,Completed
2026-08-02,TXN1620,Sale,$117.47,$2.82,Completed
2026-08-02,TXN1621,Sale,$74.54,$1.79,Cancelled
2026-08-02,TXN1622,Sale,$73.00,$1.75,Completed
2026-08-02,TXN1623,Sale,$90.76,$2.18,Completed
2026-08-02,TXN1624,Sale,$109.81,$2.64,Voided
2026-08-02,TXN1625,Sale,$29.08,$0.70,Completed
2026-08-02,TXN1626,Sale,$64.15,$1.54,Completed
2026-08-02,TXN1627,Sale,$58.46,$1.40,Completed
2026-08-02,TXN1628,Sale,$101.79,$2.44,Completed
2026-08-02,TXN1629,Sale,$17.44,$0.42,Completed
2026-08-02,TXN1630,Sale,$12.38,$0.30,Completed
2026-08-02,TXN1631,Sale,$118.99,$2.86,Completed
2026-08-02,TXN1632,Sale,$76.30,$1.83,Completed
2026-08-02,TXN1633,Sale,$110.81,$2.66,Completed
2026-08-02,TXN1634,Sale,$94.74,$2.27,Completed
2026-08-02,TXN1635,Sale,$13.86,$0.33,Completed
2026-08-02,TXN1636,Sale,$45.48,$1.09,Completed
2026-08-02,TXN1637,Sale,$70.49,$1.69,Completed
2026-08-02,TXN1638,Sale,$36.22,$0.87,Completed
2026-08-02,TXN1639,Sale,$116.01,$2.78,Completed
2026-08-02,TXN1640,Sale,$24.84,$0.60,Completed
2026-08-02,TXN1641,Sale,$82.32,$1.98,Cancelled
2026-08-02,TXN1642,Sale,$42.75,$1.03,Completed
2026-08-02,TXN1643,Sale,$82.16,$1.97,Completed
2026-08-02,TXN1644,Sale,$87.39,$2.10,Completed
2026-08-02,TXN1645,Sale,$70.60,$1.69,Cancelled
2026-08-02,TXN1646,Sale,$44.79,$1.07,Completed
2026-08-02,TXN1647,Sale,$86.72,$2.08,Completed
2026-08-02,TXN1648,Sale,$119.68,$2.87,Completed
2026-08-02,TXN1649,Sale,$18.47,$0.44,Completed
2026-08-02,TXN1650,Sale,$64.95,$1.56,Completed
2026-08-02,TXN1651,Refund,($42.59),$0.00,Completed
2026-08-02,TXN1652,Sale,$46.27,$1.11,Completed
2026-08-02,TXN1653,Sale,$29.50,$0.71,Completed
2026-08-02,TXN1654,Sale,$25.35,$0.61,Completed
2026-08-02,TXN1655,Sale,$96.27,$2.31,Completed
2026-08-02,TXN1656,Sale,$68.45,$1.64,Completed
2026-08-02,TXN1657,Sale,$66.97,$1.61,Completed
2026-08-02,TXN1658,Sale,$106.16,$2.55,Completed
2026-08-02,TXN1659,Sale,$74.89,$1.80,Completed
2026-08-03,TXN1660,Sale,$101.11,$2.43,Completed
2026-08-03,TXN1661,Sale,$98.61,$2.37,Completed
2026-08-03,TXN1662,Sale,$57.02,$1.37,Completed
2026-08-03,TXN1663,Sale,$83.75,$2.01,Completed
2026-08-03,TXN1664,Sale,$57.75,$1.39,Completed
2026-08-03,TXN1665,Sale,$91.84,$2.20,Completed
2026-08-03,TXN1666,Sale,$67.81,$1.63,Completed
2026-08-03,TXN1667,Sale,$98.57,$2.37,Completed
2026-08-03,TXN1668,Sale,$101.53,$2.44,Completed
2026-08-03,TXN1669,Sale,$114.08,$2.74,Completed
2026-08-03,TXN1670,Sale,$59.71,$1.43,Completed
2026-08-03,TXN1671,Sale,$50.77,$1.22,Completed
2026-08-03,TXN1672,Sale,$116.22,$2.79,Completed
2026-08-03,TXN1673,Sale,$97.74,$2.35,Completed
2026-08-03,TXN1674,Sale,$36.00,$0.86,Completed
2026-08-03,TXN1675,Sale,$105.90,$2.54,Completed
2026-08-03,TXN1676,Sale,$19.49,$0.47,Completed
2026-08-03,TXN1677,Sale,$103.33,$2.48,Completed
2026-08-03,TXN1678,Sale,$93.47,$2.24,Completed
2026-08-03,TXN1679,Sale,$109.39,$2.63,Completed
2026-08-03,TXN1680,Sale,$57.00,$1.37,Completed
2026-08-03,TXN1681,Sale,$32.87,$0.79,Completed
2026-08-03,TXN1682,Sale,$47.15,$1.13,Completed
2026-08-03,TXN1683,Refund,($13.96),$0.00,Completed
2026-08-03,TXN1684,Sale,$34.41,$0.83,Completed
2026-08-03,TXN1685,Sale,$49.99,$1.20,Completed
2026-08-03,TXN1686,Refund,($112.25),$0.00,Completed
2026-08-03,TXN1687,Sale,$80.80,$1.94,Completed
2026-08-03,TXN1688,Sale,$23.41,$0.56,Completed
2026-08-03,TXN1689,Sale,$100.93,$2.42,Completed
2026-08-03,TXN1690,Sale,$23.54,$0.56,Completed
2026-08-03,TXN1691,Sale,$58.24,$1.40,Completed
2026-08-03,TXN1692,Refund,($16.87),$0.00,Completed
2026-08-03,TXN1693,Sale,$101.52,$2.44,Completed
2026-08-04,TXN1694,Sale,$76.19,$1.83,Completed
2026-08-04,TXN1695,Sale,$94.93,$2.28,Completed
2026-08-04,TXN1696,Sale,$21.65,$0.52,Completed
2026-08-04,TXN1697,Sale,$79.56,$1.91,Completed
2026-08-04,TXN1698,Sale,$15.03,$0.36,Completed
2026-08-04,TXN1699,Sale,$63.98,$1.54,Completed
2026-08-04,TXN1700,Sale,$78.78,$1.89,Completed
2026-08-04,TXN1701,Sale,$88.48,$2.12,Completed
2026-08-04,TXN1702,Sale,$8.18,$0.20,Completed
2026-08-04,TXN1703,Sale,$71.91,$1.73,Completed
2026-08-04,TXN1704,Sale,$82.84,$1.99,Completed
2026-08-04,TXN1705,Sale,$48.39,$1.16,Completed
2026-08-04,TXN1706,Sale,$68.94,$1.65,Completed
2026-08-04,TXN1707,Sale,$64.85,$1.56,Completed
2026-08-04,TXN1708,Refund,($105.81),$0.00,Completed
2026-08-04,TXN1709,Sale,$51.33,$1.23,Voided
2026-08-04,TXN1710,Sale,$91.70,$2.20,Completed
2026-08-04,TXN1711,Sale,$15.57,$0.37,Completed
2026-08-04,TXN1712,Sale,$81.60,$1.96,Completed
2026-08-04,TXN1713,Sale,$73.17,$1.76,Cancelled
2026-08-04,TXN1714,Sale,$22.94,$0.55,Completed
2026-08-04,TXN1715,Sale,$45.92,$1.10,Completed
2026-08-04,TXN1716,Sale,$101.00,$2.42,Completed
2026-08-04,TXN1717,Sale,$117.85,$2.83,Completed
2026-08-04,TXN1718,Sale,$28.42,$0.68,Completed
2026-08-04,TXN1719,Sale,$88.20,$2.12,Completed
2026-08-04,TXN1720,Sale,$12.14,$0.29,Completed
2026-08-04,TXN1721,Sale,$96.60,$2.32,Completed
2026-08-04,TXN1722,Sale,$43.35,$1.04,Completed
2026-08-04,TXN1723,Sale,$52.60,$1.26,Completed
2026-08-04,TXN1724,Sale,$61.02,$1.46,Completed
2026-08-04,TXN1725,Sale,$80.45,$1.93,Voided
2026-08-04,TXN1726,Sale,$104.56,$2.51,Completed
2026-08-04,TXN1727,Sale,$81.44,$1.95,Voided
2026-08-04,TXN1728,Sale,$97.53,$2.34,Completed
2026-08-04,TXN1729,Sale,$52.80,$1.27,Completed
2026-08-04,TXN1730,Sale,$115.13,$2.76,Completed
2026-08-04,TXN1731,Sale,$28.92,$0.69,Completed
2026-08-04,TXN1732,Sale,$49.14,$1.18,Completed
2026-08-04,TXN1733,Sale,$37.87,$0.91,Completed
2026-08-04,TXN1734,Sale,$55.54,$1.33,Cancelled
2026-08-04,TXN1735,Sale,$119.45,$2.87,Completed
2026-08-04,TXN1736,Sale,$40.90,$0.98,Completed
2026-08-04,TXN1737,Sale,$44.73,$1.07,Cancelled
2026-08-04,TXN1738,Sale,$57.94,$1.39,Completed
2026-08-04,TXN1739,Sale,$26.66,$0.64,Completed
2026-08-04,TXN1740,Sale,$58.08,$1.39,Completed
2026-08-05,TXN1741,Sale,$47.49,$1.14,Completed
2026-08-05,TXN1742,Sale,$38.75,$0.93,Completed
2026-08-05,TXN1743,Sale,$114.17,$2.74,Completed
2026-08-05,TXN1744,Sale,$79.40,$1.91,Voided
2026-08-05,TXN1745,Sale,$97.72,$2.35,Completed
2026-08-05,TXN1746,Sale,$114.71,$2.75,Completed
2026-08-05,TXN1747,Sale,$76.05,$1.83,Completed
2026-08-05,TXN1748,Sale,$11.90,$0.29,Completed
2026-08-05,TXN1749,Sale,$95.19,$2.28,Voided
2026-08-05,TXN1750,Sale,$50.88,$1.22,Completed
2026-08-05,TXN1751,Sale,$75.77,$1.82,Completed
2026-08-05,TXN1752,Sale,$114.27,$2.74,Completed
2026-08-05,TXN1753,Sale,$93.47,$2.24,Completed
2026-08-05,TXN1754,Sale,$67.30,$1.62,Completed
2026-08-05,TXN1755,Sale,$80.75,$1.94,Completed
2026-08-05,TXN1756,Sale,$20.71,$0.50,Completed
2026-08-05,TXN1757,Sale,$63.89,$1.53,Completed
2026-08-05,TXN1758,Sale,$70.91,$1.70,Completed
2026-08-05,TXN1759,Sale,$37.15,$0.89,Completed
2026-08-05,TXN1760,Sale,$119.59,$2.87,Completed
2026-08-05,TXN1761,Sale,$110.65,$2.66,Completed
2026-08-05,TXN1762,Sale,$21.74,$0.52,Completed
2026-08-05,TXN1763,Sale,$58.63,$1.41,Completed
2026-08-05,TXN1764,Sale,$57.85,$1.39,Completed
2026-08-05,TXN1765,Sale,$84.38,$2.03,Cancelled
2026-08-05,TXN1766,Sale,$43.79,$1.05,Completed
2026-08-05,TXN1767,Sale,$15.27,$0.37,Completed
2026-08-05,TXN1768,Sale,$107.83,$2.59,Completed
2026-08-05,TXN1769,Sale,$87.72,$2.11,Completed
2026-08-05,TXN1770,Sale,$79.42,$1.91,Completed
2026-08-05,TXN1771,Sale,$64.98,$1.56,Completed
2026-08-05,TXN1772,Sale,$30.51,$0.73,Completed
2026-08-05,TXN1773,Sale,$96.52,$2.32,Completed
2026-08-05,TXN1774,Refund,($70.05),$0.00,Completed
2026-08-05,TXN1775,Sale,$98.01,$2.35,Completed
2026-08-05,TXN1776,Sale,$76.54,$1.84,Completed
2026-08-05,TXN1777,Sale,$42.64,$1.02,Cancelled
2026-08-05,TXN1778,Sale,$88.51,$2.12,Completed
2026-08-05,TXN1779,Sale,$94.15,$2.26,Completed
2026-08-05,TXN1780,Sale,$16.26,$0.39,Completed
2026-08-05,TXN1781,Sale,$79.94,$1.92,Completed
2026-08-05,TXN1782,Sale,$84.17,$2.02,Completed
2026-08-05,TXN1783,Sale,$106.33,$2.55,Completed
2026-08-05,TXN1784,Sale,$79.66,$1.91,Completed
2026-08-05,TXN1785,Sale,$116.22,$2.79,Completed
2026-08-05,TXN1786,Sale,$110.00,$2.64,Completed
2026-08-05,TXN1787,Sale,$21.91,$0.53,Voided
2026-08-05,TXN1788,Sale,$26.44,$0.63,Completed
2026-08-05,TXN1789,Sale,$87.45,$2.10,Completed
2026-08-05,TXN1790,Sale,$113.38,$2.72,Completed
2026-08-05,TXN1791,Sale,$102.74,$2.47,Completed
2026-08-05,TXN1792,Sale,$79.13,$1.90,Completed
2026-08-05,TXN1793,Sale,$22.02,$0.53,Completed
2026-08-06,TXN1794,Sale,$18.46,$0.44,Completed
2026-08-06,TXN1795,Sale,$74.28,$1.78,Completed
2026-08-06,TXN1796,Sale,$27.17,$0.65,Completed
2026-08-06,TXN1797,Sale,$109.02,$2.62,Completed
2026-08-06,TXN1798,Sale,$111.48,$2.68,Completed
2026-08-06,TXN1799,Sale,$104.74,$2.51,Voided
2026-08-06,TXN1800,Sale,$114.24,$2.74,Cancelled
2026-08-06,TXN1801,Sale,$37.64,$0.90,Completed
2026-08-06,TXN1802,Sale,$72.08,$1.73,Completed
2026-08-06,TXN1803,Sale,$11.39,$0.27,Completed
2026-08-06,TXN1804,Sale,$69.10,$1.66,Completed
2026-08-06,TXN1805,Sale,$41.83,$1.00,Completed
2026-08-06,TXN1806,Sale,$98.42,$2.36,Completed
2026-08-06,TXN1807,Sale,$58.80,$1.41,Completed
2026-08-06,TXN1808,Sale,$25.71,$0.62,Completed
2026-08-06,TXN1809,Sale,$60.02,$1.44,Completed
2026-08-06,TXN1810,Sale,$24.09,$0.58,Completed
2026-08-06,TXN1811,Sale,$43.76,$1.05,Completed
2026-08-06,TXN1812,Sale,$46.68,$1.12,Completed
2026-08-06,TXN1813,Sale,$93.19,$2.24,Completed
2026-08-06,TXN1814,Sale,$19.89,$0.48,Completed
2026-08-06,TXN1815,Sale,$21.72,$0.52,Completed
2026-08-06,TXN1816,Sale,$23.78,$0.57,Completed
2026-08-06,TXN1817,Sale,$113.88,$2.73,Voided
2026-08-06,TXN1818,Sale,$54.83,$1.32,Completed
2026-08-06,TXN1819,Sale,$109.06,$2.62,Completed
2026-08-06,TXN1820,Sale,$112.58,$2.70,Completed
2026-08-06,TXN1821,Sale,$29.26,$0.70,Completed
2026-08-06,TXN1822,Sale,$119.55,$2.87,Completed
2026-08-06,TXN1823,Sale,$106.46,$2.56,Completed
2026-08-06,TXN1824,Sale,$18.09,$0.43,Completed
2026-08-06,TXN1825,Sale,$59.21,$1.42,Completed
2026-08-06,TXN1826,Sale,$73.33,$1.76,Completed
2026-08-06,TXN1827,Sale,$39.51,$0.95,Voided
2026-08-06,TXN1828,Sale,$102.40,$2.46,Completed
2026-08-06,TXN1829,Sale,$40.00,$0.96,Completed
2026-08-06,TXN1830,Refund,($20.04),$0.00,Completed
2026-08-06,TXN1831,Sale,$37.62,$0.90,Completed
2026-08-06,TXN1832,Sale,$53.16,$1.28,Completed
2026-08-07,TXN1833,Sale,$71.87,$1.72,Completed
2026-08-07,TXN1834,Sale,$69.96,$1.68,Completed
2026-08-07,TXN1835,Sale,$64.48,$1.55,Voided
2026-08-07,TXN1836,Sale,$39.33,$0.94,Completed
2026-08-07,TXN1837,Sale,$84.20,$2.02,Completed
2026-08-07,TXN1838,Sale,$117.21,$2.81,Completed
2026-08-07,TXN1839,Sale,$97.03,$2.33,Completed
2026-08-07,TXN1840,Sale,$113.16,$2.72,Completed
2026-08-07,TXN1841,Sale,$30.29,$0.73,Completed
2026-08-07,TXN1842,Sale,$64.01,$1.54,Completed
2026-08-07,TXN1843,Sale,$23.35,$0.56,Voided
2026-08-07,TXN1844,Sale,$61.06,$1.47,Completed
2026-08-07,TXN1845,Sale,$75.90,$1.82,Completed
2026-08-07,TXN1846,Sale,$44.73,$1.07,Completed
2026-08-07,TXN1847,Sale,$26.20,$0.63,Completed
2026-08-07,TXN1848,Sale,$90.80,$2.18,Completed
2026-08-07,TXN1849,Sale,$45.67,$1.10,Completed
2026-08-07,TXN1850,Sale,$67.62,$1.62,Completed
2026-08-07,TXN1851,Sale,$41.58,$1.00,Completed
2026-08-07,TXN1852,Sale,$49.26,$1.18,Completed
2026-08-07,TXN1853,Sale,$117.75,$2.83,Completed
2026-08-07,TXN1854,Sale,$97.24,$2.33,Completed
2026-08-07,TXN1855,Sale,$85.06,$2.04,Completed
2026-08-07,TXN1856,Refund,($61.15),$0.00,Completed
2026-08-07,TXN1857,Sale,$95.69,$2.30,Completed
2026-08-07,TXN1858,Sale,$72.70,$1.74,Completed
2026-08-07,TXN1859,Sale,$73.35,$1.76,Completed
2026-08-07,TXN1860,Sale,$78.45,$1.88,Completed
2026-08-07,TXN1861,Sale,$102.21,$2.45,Completed
2026-08-07,TXN1862,Sale,$84.24,$2.02,Completed
2026-08-07,TXN1863,Sale,$114.20,$2.74,Voided
2026-08-08,TXN1864,Sale,$57.40,$1.38,Completed
2026-08-08,TXN1865,Sale,$54.25,$1.30,Completed
2026-08-08,TXN1866,Sale,$64.20,$1.54,Completed
2026-08-08,TXN1867,Sale,$60.82,$1.46,Completed
2026-08-08,TXN1868,Sale,$89.47,$2.15,Completed
2026-08-08,TXN1869,Sale,$66.09,$1.59,Completed
2026-08-08,TXN1870,Sale,$119.79,$2.87,Completed
2026-08-08,TXN1871,Sale,$50.20,$1.20,Completed
2026-08-08,TXN1872,Sale,$59.48,$1.43,Completed
2026-08-08,TXN1873,Sale,$69.18,$1.66,Completed
2026-08-08,TXN1874,Sale,$105.18,$2.52,Completed
2026-08-08,TXN1875,Sale,$98.01,$2.35,Completed
2026-08-08,TXN1876,Sale,$62.23,$1.49,Completed
2026-08-08,TXN1877,Sale,$39.25,$0.94,Completed
2026-08-08,TXN1878,Sale,$113.45,$2.72,Completed
2026-08-08,TXN1879,Sale,$94.37,$2.26,Completed
2026-08-08,TXN1880,Sale,$85.31,$2.05,Completed
2026-08-08,TXN1881,Sale,$61.74,$1.48,Completed
2026-08-08,TXN1882,Sale,$112.66,$2.70,Completed
2026-08-08,TXN1883,Sale,$40.23,$0.97,Completed
2026-08-08,TXN1884,Sale,$68.84,$1.65,Completed
2026-08-08,TXN1885,Sale,$52.19,$1.25,Completed
2026-08-08,TXN1886,Sale,$94.58,$2.27,Completed
2026-08-08,TXN1887,Sale,$12.71,$0.31,Completed
2026-08-08,TXN1888,Sale,$16.85,$0.40,Completed
2026-08-08,TXN1889,Sale,$81.47,$1.96,Completed
2026-08-08,TXN1890,Sale,$31.97,$0.77,Completed
2026-08-08,TXN1891,Sale,$38.37,$0.92,Completed
2026-08-08,TXN1892,Sale,$38.42,$0.92,Completed
2026-08-08,TXN1893,Sale,$90.98,$2.18,Cancelled
2026-08-08,TXN1894,Sale,$13.69,$0.33,Completed
2026-08-08,TXN1895,Sale,$33.28,$0.80,Completed
2026-08-08,TXN1896,Sale,$19.22,$0.46,Completed
2026-08-08,TXN1897,Sale,$60.91,$1.46,Completed
2026-08-08,TXN1898,Sale,$23.40,$0.56,Completed
2026-08-08,TXN1899,Sale,$117.53,$2.82,Completed
2026-08-08,TXN1900,Sale,$81.12,$1.95,Completed
2026-08-08,TXN1901,Sale,$61.28,$1.47,Completed
2026-08-08,TXN1902,Sale,$92.66,$2.22,Completed
2026-08-08,TXN1903,Sale,$39.97,$0.96,Completed
2026-08-08,TXN1904,Sale,$94.10,$2.26,Voided
2026-08-08,TXN1905,Sale,$34.01,$0.82,Completed
2026-08-08,TXN1906,Sale,$103.24,$2.48,Completed
2026-08-08,TXN1907,Sale,$111.20,$2.67,Voided
2026-08-08,TXN1908,Sale,$101.81,$2.44,Completed
2026-08-08,TXN1909,Sale,$12.07,$0.29,Completed
2026-08-08,TXN1910,Sale,$96.25,$2.31,Completed
2026-08-08,TXN1911,Sale,$91.89,$2.21,Completed
2026-08-08,TXN1912,Sale,$40.42,$0.97,Completed
2026-08-08,TXN1913,Sale,$41.42,$0.99,Voided
2026-08-08,TXN1914,Sale,$111.99,$2.69,Completed
2026-08-08,TXN1915,Sale,$58.89,$1.41,Completed
2026-08-08,TXN1916,Sale,$66.72,$1.60,Completed
2026-08-08,TXN1917,Sale,$23.03,$0.55,Completed
2026-08-08,TXN1918,Sale,$38.56,$0.93,Completed
2026-08-08,TXN1919,Sale,$45.04,$1.08,Completed
2026-08-08,TXN1920,Sale,$80.61,$1.93,Completed
2026-08-08,TXN1921,Sale,$9.58,$0.23,Completed
2026-08-09,TXN1922,Sale,$71.59,$1.72,Completed
2026-08-09,TXN1923,Sale,$27.66,$0.66,Completed
2026-08-09,TXN1924,Sale,$108.47,$2.60,Completed
2026-08-09,TXN1925,Sale,$65.71,$1.58,Completed
2026-08-09,TXN1926,Sale,$82.96,$1.99,Cancelled
2026-08-09,TXN1927,Sale,$23.75,$0.57,Completed
2026-08-09,TXN1928,Sale,$35.78,$0.86,Completed
2026-08-09,TXN1929,Sale,$34.38,$0.83,Completed
2026-08-09,TXN1930,Sale,$114.85,$2.76,Completed
2026-08-09,TXN1931,Sale,$88.96,$2.14,Completed
2026-08-09,TXN1932,Refund,($81.21),$0.00,Completed
2026-08-09,TXN1933,Sale,$14.96,$0.36,Completed
2026-08-09,TXN1934,Sale,$42.36,$1.02,Completed
2026-08-09,TXN1935,Sale,$64.28,$1.54,Completed
2026-08-09,TXN1936,Sale,$86.80,$2.08,Completed
2026-08-09,TXN1937,Sale,$21.15,$0.51,Completed
2026-08-09,TXN1938,Sale,$41.04,$0.98,Completed
2026-08-09,TXN1939,Sale,$32.54,$0.78,Completed
2026-08-09,TXN1940,Sale,$25.16,$0.60,Completed
2026-08-09,TXN1941,Sale,$75.84,$1.82,Completed
2026-08-09,TXN1942,Sale,$69.51,$1.67,Completed
2026-08-09,TXN1943,Sale,$68.20,$1.64,Completed
2026-08-09,TXN1944,Sale,$32.46,$0.78,Completed
2026-08-09,TXN1945,Sale,$92.53,$2.22,Completed
2026-08-09,TXN1946,Sale,$17.17,$0.41,Completed
2026-08-09,TXN1947,Sale,$86.82,$2.08,Completed
2026-08-09,TXN1948,Sale,$71.19,$1.71,Voided
2026-08-09,TXN1949,Sale,$69.34,$1.66,Voided
2026-08-09,TXN1950,Sale,$72.14,$1.73,Completed
2026-08-09,TXN1951,Sale,$44.75,$1.07,Completed
2026-08-09,TXN1952,Sale,$21.02,$0.50,Completed
2026-08-09,TXN1953,Sale,$73.31,$1.76,Completed
2026-08-09,TXN1954,Sale,$65.16,$1.56,Cancelled
2026-08-09,TXN1955,Sale,$58.78,$1.41,Completed
2026-08-09,TXN1956,Sale,$59.16,$1.42,Completed
2026-08-09,TXN1957,Sale,$59.79,$1.43,Voided
2026-08-09,TXN1958,Sale,$89.01,$2.14,Completed
2026-08-09,TXN1959,Sale,$99.44,$2.39,Completed
2026-08-09,TXN1960,Sale,$72.77,$1.75,Completed
2026-08-09,TXN1961,Sale,$46.59,$1.12,Voided
2026-08-09,TXN1962,Sale,$119.34,$2.86,Voided
2026-08-09,TXN1963,Sale,$15.73,$0.38,Completed
2026-08-09,TXN1964,Sale,$11.55,$0.28,Completed
2026-08-09,TXN1965,Sale,$94.12,$2.26,Completed
2026-08-09,TXN1966,Sale,$117.57,$2.82,Completed
2026-08-09,TXN1967,Sale,$55.08,$1.32,Completed
2026-08-09,TXN1968,Sale,$50.84,$1.22,Completed
2026-08-09,TXN1969,Sale,$109.56,$2.63,Completed
2026-08-09,TXN1970,Sale,$84.47,$2.03,Completed
2026-08-09,TXN1971,Sale,$68.40,$1.64,Completed
2026-08-09,TXN1972,Sale,$46.95,$1.13,Completed
2026-08-09,TXN1973,Sale,$68.17,$1.64,Completed
2026-08-09,TXN1974,Sale,$89.52,$2.15,Completed
2026-08-09,TXN1975,Sale,$8.39,$0.20,Completed
2026-08-09,TXN1976,Refund,($41.42),$0.00,Completed
2026-08-09,TXN1977,Sale,$68.98,$1.66,Completed
2026-08-09,TXN1978,Sale,$100.22,$2.41,Completed
2026-08-09,TXN1979,Sale,$46.77,$1.12,Completed
2026-08-09,TXN1980,Sale,$112.99,$2.71,Completed
2026-08-09,TXN1981,Sale,$20.64,$0.50,Completed
2026-08-09,TXN1982,Sale,$54.95,$1.32,Completed
2026-08-09,TXN1983,Sale,$106.98,$2.57,Completed
2026-08-09,TXN1984,Refund,($31.08),$0.00,Completed
2026-08-09,TXN1985,Sale,$11.76,$0.28,Cancelled
2026-08-09,TXN1986,Sale,$86.77,$2.08,Completed
2026-08-10,TXN1987,Sale,$12.95,$0.31,Completed
2026-08-10,TXN1988,Sale,$68.45,$1.64,Completed
2026-08-10,TXN1989,Sale,$94.92,$2.28,Completed
2026-08-10,TXN1990,Sale,$119.27,$2.86,Completed
2026-08-10,TXN1991,Sale,$110.64,$2.66,Completed
2026-08-10,TXN1992,Sale,$72.68,$1.74,Completed
2026-08-10,TXN1993,Sale,$99.66,$2.39,Completed
2026-08-10,TXN1994,Sale,$106.14,$2.55,Completed
2026-08-10,TXN1995,Sale,$66.38,$1.59,Completed
2026-08-10,TXN1996,Sale,$38.82,$0.93,Completed
2026-08-10,TXN1997,Sale,$74.27,$1.78,Completed
2026-08-10,TXN1998,Sale,$27.61,$0.66,Completed
2026-08-10,TXN1999,Sale,$70.26,$1.69,Completed
2026-08-10,TXN2000,Sale,$46.57,$1.12,Voided
2026-08-10,TXN2001,Sale,$50.69,$1.22,Completed
2026-08-10,TXN2002,Sale,$85.99,$2.06,Completed
2026-08-10,TXN2003,Sale,$41.59,$1.00,Completed
2026-08-10,TXN2004,Sale,$68.25,$1.64,Completed
2026-08-10,TXN2005,Sale,$33.24,$0.80,Completed
2026-08-10,TXN2006,Sale,$24.17,$0.58,Completed
2026-08-10,TXN2007,Sale,$14.45,$0.35,Completed
2026-08-10,TXN2008,Sale,$54.65,$1.31,Completed
2026-08-10,TXN2009,Sale,$51.50,$1.24,Completed
2026-08-10,TXN2010,Sale,$44.99,$1.08,Completed
2026-08-10,TXN2011,Sale,$58.38,$1.40,Voided
2026-08-10,TXN2012,Sale,$67.99,$1.63,Completed
2026-08-10,TXN2013,Sale,$13.77,$0.33,Completed
2026-08-10,TXN2014,Sale,$75.76,$1.82,Completed
2026-08-10,TXN2015,Sale,$16.15,$0.39,Voided
2026-08-10,TXN2016,Sale,$73.81,$1.77,Completed
2026-08-10,TXN2017,Sale,$32.31,$0.78,Completed
2026-08-11,TXN2018,Sale,$45.29,$1.09,Completed
2026-08-11,TXN2019,Sale,$9.72,$0.23,Completed
2026-08-11,TXN2020,Sale,$115.75,$2.78,Completed
2026-08-11,TXN2021,Sale,$119.95,$2.88,Completed
2026-08-11,TXN2022,Sale,$35.17,$0.84,Completed
2026-08-11,TXN2023,Sale,$30.91,$0.74,Completed
2026-08-11,TXN2024,Sale,$69.83,$1.68,Completed
2026-08-11,TXN2025,Sale,$50.63,$1.22,Completed
2026-08-11,TXN2026,Sale,$48.24,$1.16,Completed
2026-08-11,TXN2027,Sale,$65.44,$1.57,Completed
2026-08-11,TXN2028,Sale,$19.04,$0.46,Completed
2026-08-11,TXN2029,Sale,$60.58,$1.45,Completed
2026-08-11,TXN2030,Sale,$110.41,$2.65,Completed
2026-08-11,TXN2031,Sale,$54.36,$1.30,Completed
2026-08-11,TXN2032,Sale,$32.78,$0.79,Completed
2026-08-11,TXN2033,Sale,$37.21,$0.89,Completed
2026-08-11,TXN2034,Sale,$72.86,$1.75,Completed
2026-08-11,TXN2035,Sale,$25.07,$0.60,Completed
2026-08-11,TXN2036,Sale,$50.54,$1.21,Completed
2026-08-11,TXN2037,Sale,$63.92,$1.53,Completed
2026-08-11,TXN2038,Sale,$84.70,$2.03,Completed
2026-08-11,TXN2039,Sale,$100.02,$2.40,Completed
2026-08-11,TXN2040,Sale,$79.87,$1.92,Completed
2026-08-11,TXN2041,Sale,$26.84,$0.64,Completed
2026-08-11,TXN2042,Sale,$26.96,$0.65,Completed
2026-08-11,TXN2043,Sale,$62.69,$1.50,Completed
2026-08-11,TXN2044,Sale,$68.72,$1.65,Completed
2026-08-11,TXN2045,Sale,$14.58,$0.35,Completed
2026-08-11,TXN2046,Sale,$102.83,$2.47,Voided
2026-08-11,TXN2047,Sale,$82.84,$1.99,Completed
2026-08-11,TXN2048,Sale,$54.19,$1.30,Completed
2026-08-11,TXN2049,Sale,$33.92,$0.81,Completed
2026-08-11,TXN2050,Sale,$9.02,$0.22,Completed
2026-08-11,TXN2051,Sale,$49.80,$1.20,Completed
2026-08-11,TXN2052,Sale,$82.68,$1.98,Completed
2026-08-11,TXN2053,Sale,$62.12,$1.49,Completed
2026-08-12,TXN2054,Refund,($67.61),$0.00,Completed
2026-08-12,TXN2055,Sale,$9.87,$0.24,Completed
2026-08-12,TXN2056,Sale,$68.00,$1.63,Completed
2026-08-12,TXN2057,Sale,$64.25,$1.54,Completed
2026-08-12,TXN2058,Sale,$56.22,$1.35,Completed
2026-08-12,TXN2059,Sale,$28.08,$0.67,Completed
2026-08-12,TXN2060,Sale,$66.73,$1.60,Completed
2026-08-12,TXN2061,Sale,$77.42,$1.86,Completed
2026-08-12,TXN2062,Sale,$47.70,$1.14,Completed
2026-08-12,TXN2063,Sale,$16.85,$0.40,Completed
2026-08-12,TXN2064,Sale,$59.41,$1.43,Completed
2026-08-12,TXN2065,Sale,$86.09,$2.07,Completed
2026-08-12,TXN2066,Sale,$100.74,$2.42,Completed
2026-08-12,TXN2067,Sale,$119.07,$2.86,Cancelled
2026-08-12,TXN2068,Sale,$11.55,$0.28,Completed
2026-08-12,TXN2069,Sale,$50.24,$1.21,Completed
2026-08-12,TXN2070,Sale,$79.32,$1.90,Completed
2026-08-12,TXN2071,Sale,$17.26,$0.41,Completed
2026-08-12,TXN2072,Sale,$80.23,$1.93,Completed
2026-08-12,TXN2073,Sale,$117.46,$2.82,Completed
2026-08-12,TXN2074,Sale,$108.22,$2.60,Completed
2026-08-12,TXN2075,Sale,$33.73,$0.81,Completed
2026-08-12,TXN2076,Sale,$85.54,$2.05,Completed
2026-08-12,TXN2077,Sale,$38.36,$0.92,Completed
2026-08-12,TXN2078,Sale,$84.66,$2.03,Completed
2026-08-12,TXN2079,Sale,$68.82,$1.65,Completed
2026-08-12,TXN2080,Sale,$28.09,$0.67,Completed
2026-08-12,TXN2081,Sale,$9.75,$0.23,Completed
2026-08-12,TXN2082,Sale,$24.15,$0.58,Completed
2026-08-12,TXN2083,Sale,$99.94,$2.40,Completed
2026-08-12,TXN2084,Sale,$41.52,$1.00,Completed
2026-08-12,TXN2085,Sale,$71.47,$1.72,Completed
2026-08-12,TXN2086,Sale,$83.83,$2.01,Completed
2026-08-12,TXN2087,Sale,$50.99,$1.22,Completed
2026-08-12,TXN2088,Sale,$96.54,$2.32,Completed
2026-08-12,TXN2089,Sale,$16.78,$0.40,Completed
2026-08-12,TXN2090,Sale,$46.74,$1.12,Completed
2026-08-12,TXN2091,Sale,$34.00,$0.82,Cancelled
2026-08-12,TXN2092,Sale,$75.78,$1.82,Voided
2026-08-12,TXN2093,Sale,$74.71,$1.79,Completed
2026-08-12,TXN2094,Sale,$44.55,$1.07,Completed
2026-08-12,TXN2095,Sale,$95.76,$2.30,Completed
2026-08-12,TXN2096,Sale,$33.55,$0.81,Completed
2026-08-12,TXN2097,Sale,$50.05,$1.20,Completed
2026-08-12,TXN2098,Sale,$73.62,$1.77,Completed
2026-08-13,TXN2099,Sale,$77.28,$1.85,Cancelled
2026-08-13,TXN2100,Sale,$87.87,$2.11,Completed
2026-08-13,TXN2101,Sale,$25.27,$0.61,Cancelled
2026-08-13,TXN2102,Sale,$79.00,$1.90,Completed
2026-08-13,TXN2103,Sale,$43.47,$1.04,Completed
2026-08-13,TXN2104,Sale,$8.58,$0.21,Cancelled
2026-08-13,TXN2105,Sale,$48.31,$1.16,Completed
2026-08-13,TXN2106,Sale,$22.84,$0.55,Completed
2026-08-13,TXN2107,Sale,$58.27,$1.40,Completed
2026-08-13,TXN2108,Sale,$53.70,$1.29,Completed
2026-08-13,TXN2109,Refund,($47.64),$0.00,Completed
2026-08-13,TXN2110,Sale,$74.98,$1.80,Cancelled
2026-08-13,TXN2111,Sale,$51.15,$1.23,Completed
2026-08-13,TXN2112,Sale,$51.43,$1.23,Completed
2026-08-13,TXN2113,Sale,$108.93,$2.61,Cancelled
2026-08-13,TXN2114,Sale,$117.56,$2.82,Completed
2026-08-13,TXN2115,Sale,$26.99,$0.65,Completed
2026-08-13,TXN2116,Sale,$23.55,$0.57,Completed
2026-08-13,TXN2117,Sale,$63.23,$1.52,Completed
2026-08-13,TXN2118,Sale,$56.68,$1.36,Voided
2026-08-13,TXN2119,Sale,$62.23,$1.49,Completed
2026-08-13,TXN2120,Sale,$36.19,$0.87,Voided
2026-08-13,TXN2121,Sale,$78.00,$1.87,Completed
2026-08-13,TXN2122,Sale,$29.90,$0.72,Completed
2026-08-13,TXN2123,Sale,$42.12,$1.01,Cancelled
2026-08-13,TXN2124,Sale,$45.21,$1.09,Completed
2026-08-13,TXN2125,Sale,$98.06,$2.35,Completed
2026-08-13,TXN2126,Sale,$45.49,$1.09,Completed
2026-08-13,TXN2127,Sale,$104.26,$2.50,Completed
2026-08-13,TXN2128,Sale,$23.25,$0.56,Completed
2026-08-13,TXN2129,Sale,$114.10,$2.74,Completed
2026-08-13,TXN2130,Sale,$43.19,$1.04,Completed
2026-08-13,TXN2131,Sale,$116.50,$2.80,Completed
2026-08-13,TXN2132,Sale,$85.84,$2.06,Completed
2026-08-13,TXN2133,Sale,$72.50,$1.74,Completed
2026-08-13,TXN2134,Sale,$50.12,$1.20,Completed
2026-08-13,TXN2135,Sale,$52.01,$1.25,Completed
2026-08-13,TXN2136,Sale,$71.15,$1.71,Completed
2026-08-13,TXN2137,Sale,$69.11,$1.66,Completed
2026-08-13,TXN2138,Sale,$69.61,$1.67,Completed
2026-08-13,TXN2139,Sale,$59.70,$1.43,Completed
2026-08-13,TXN2140,Sale,$57.11,$1.37,Completed
2026-08-14,TXN2141,Sale,$15.75,$0.38,Completed
2026-08-14,TXN2142,Sale,$97.05,$2.33,Completed
2026-08-14,TXN2143,Sale,$23.59,$0.57,Completed
2026-08-14,TXN2144,Sale,$36.30,$0.87,Completed
2026-08-14,TXN2145,Sale,$55.39,$1.33,Completed
2026-08-14,TXN2146,Sale,$58.30,$1.40,Completed
2026-08-14,TXN2147,Sale,$73.21,$1.76,Completed
2026-08-14,TXN2148,Sale,$111.43,$2.67,Completed
2026-08-14,TXN2149,Sale,$54.85,$1.32,Completed
2026-08-14,TXN2150,Sale,$116.46,$2.80,Voided
2026-08-14,TXN2151,Sale,$98.98,$2.38,Completed
2026-08-14,TXN2152,Sale,$110.41,$2.65,Completed
2026-08-14,TXN2153,Sale,$35.80,$0.86,Cancelled
2026-08-14,TXN2154,Sale,$26.63,$0.64,Completed
2026-08-14,TXN2155,Sale,$71.08,$1.71,Completed
2026-08-14,TXN2156,Sale,$80.44,$1.93,Completed
2026-08-14,TXN2157,Sale,$45.14,$1.08,Completed
2026-08-14,TXN2158,Sale,$19.87,$0.48,Completed
2026-08-14,TXN2159,Sale,$32.86,$0.79,Cancelled
2026-08-14,TXN2160,Sale,$70.50,$1.69,Completed
2026-08-14,TXN2161,Sale,$32.76,$0.79,Completed
2026-08-14,TXN2162,Sale,$59.86,$1.44,Completed
2026-08-14,TXN2163,Sale,$85.33,$2.05,Completed
2026-08-14,TXN2164,Sale,$119.74,$2.87,Completed
2026-08-14,TXN2165,Sale,$41.09,$0.99,Completed
2026-08-14,TXN2166,Sale,$17.62,$0.42,Completed
2026-08-14,TXN2167,Sale,$89.78,$2.15,Completed
2026-08-14,TXN2168,Sale,$46.42,$1.11,Completed
2026-08-14,TXN2169,Sale,$66.36,$1.59,Completed
2026-08-14,TXN2170,Sale,$18.93,$0.45,Completed
2026-08-14,TXN2171,Sale,$58.67,$1.41,Completed
2026-08-14,TXN2172,Sale,$13.00,$0.31,Voided
2026-08-14,TXN2173,Sale,$10.53,$0.25,Completed
2026-08-14,TXN2174,Sale,$20.25,$0.49,Completed
2026-08-14,TXN2175,Sale,$112.15,$2.69,Completed
2026-08-14,TXN2176,Sale,$65.79,$1.58,Completed
2026-08-14,TXN2177,Sale,$45.07,$1.08,Completed
2026-08-14,TXN2178,Sale,$59.75,$1.43,Completed
2026-08-14,TXN2179,Sale,$78.53,$1.88,Completed
2026-08-15,TXN2180,Sale,$56.40,$1.35,Completed
2026-08-15,TXN2181,Refund,($76.78),$0.00,Completed
2026-08-15,TXN2182,Sale,$74.33,$1.78,Completed
2026-08-15,TXN2183,Sale,$86.93,$2.09,Completed
2026-08-15,TXN2184,Sale,$92.26,$2.21,Completed
2026-08-15,TXN2185,Sale,$15.01,$0.36,Completed
2026-08-15,TXN2186,Sale,$105.66,$2.54,Cancelled
2026-08-15,TXN2187,Sale,$44.51,$1.07,Completed
2026-08-15,TXN2188,Sale,$37.38,$0.90,Completed
2026-08-15,TXN2189,Sale,$67.10,$1.61,Completed
2026-08-15,TXN2190,Sale,$74.86,$1.80,Completed
2026-08-15,TXN2191,Sale,$73.74,$1.77,Completed
2026-08-15,TXN2192,Sale,$102.70,$2.46,Completed
2026-08-15,TXN2193,Sale,$99.14,$2.38,Completed
2026-08-15,TXN2194,Sale,$41.31,$0.99,Completed
2026-08-15,TXN2195,Sale,$17.49,$0.42,Completed
2026-08-15,TXN2196,Sale,$21.20,$0.51,Completed
2026-08-15,TXN2197,Sale,$28.50,$0.68,Completed
2026-08-15,TXN2198,Sale,$65.21,$1.57,Completed
2026-08-15,TXN2199,Sale,$23.44,$0.56,Completed
2026-08-15,TXN2200,Sale,$28.80,$0.69,Completed
2026-08-15,TXN2201,Sale,$85.66,$2.06,Completed
2026-08-15,TXN2202,Sale,$119.99,$2.88,Completed
2026-08-15,TXN2203,Sale,$62.84,$1.51,Completed
2026-08-15,TXN2204,Sale,$43.23,$1.04,Completed
2026-08-15,TXN2205,Sale,$14.00,$0.34,Completed
2026-08-15,TXN2206,Sale,$9.07,$0.22,Completed
2026-08-15,TXN2207,Sale,$99.30,$2.38,Completed
2026-08-15,TXN2208,Sale,$64.61,$1.55,Completed
2026-08-15,TXN2209,Sale,$84.69,$2.03,Completed
2026-08-15,TXN2210,Sale,$102.07,$2.45,Completed
2026-08-15,TXN2211,Sale,$17.26,$0.41,Completed
2026-08-15,TXN2212,Sale,$93.24,$2.24,Voided
2026-08-15,TXN2213,Sale,$38.78,$0.93,Completed
2026-08-15,TXN2214,Sale,$26.84,$0.64,Completed
2026-08-15,TXN2215,Sale,$91.16,$2.19,Completed
2026-08-15,TXN2216,Sale,$69.57,$1.67,Completed
2026-08-15,TXN2217,Sale,$20.79,$0.50,Completed
2026-08-15,TXN2218,Sale,$100.21,$2.41,Completed
2026-08-15,TXN2219,Sale,$100.13,$2.40,Completed
2026-08-15,TXN2220,Sale,$88.53,$2.12,Voided
2026-08-15,TXN2221,Sale,$118.85,$2.85,Completed
2026-08-15,TXN2222,Sale,$100.97,$2.42,Cancelled
2026-08-15,TXN2223,Sale,$41.34,$0.99,Completed
2026-08-15,TXN2224,Sale,$58.37,$1.40,Completed
2026-08-15,TXN2225,Sale,$99.47,$2.39,Completed
2026-08-15,TXN2226,Sale,$119.32,$2.86,Completed
2026-08-15,TXN2227,Sale,$34.54,$0.83,Completed
2026-08-15,TXN2228,Sale,$73.85,$1.77,Completed
2026-08-15,TXN2229,Sale,$87.60,$2.10,Completed
2026-08-15,TXN2230,Sale,$26.59,$0.64,Completed
2026-08-15,TXN2231,Sale,$31.14,$0.75,Completed
2026-08-15,TXN2232,Sale,$14.65,$0.35,Completed
2026-08-15,TXN2233,Sale,$39.48,$0.95,Completed
2026-08-15,TXN2234,Sale,$44.25,$1.06,Completed
2026-08-15,TXN2235,Sale,$40.41,$0.97,Completed
2026-08-15,TXN2236,Sale,$104.10,$2.50,Completed
2026-08-15,TXN2237,Sale,$84.08,$2.02,Completed
2026-08-15,TXN2238,Sale,$115.83,$2.78,Cancelled
2026-08-15,TXN2239,Sale,$110.90,$2.66,Completed
2026-08-16,TXN2240,Sale,$22.21,$0.53,Completed
2026-08-16,TXN2241,Sale,$35.96,$0.86,Completed
2026-08-16,TXN2242,Sale,$100.79,$2.42,Completed
2026-08-16,TXN2243,Sale,$83.74,$2.01,Completed
2026-08-16,TXN2244,Sale,$72.67,$1.74,Completed
2026-08-16,TXN2245,Sale,$54.39,$1.31,Completed
2026-08-16,TXN2246,Sale,$78.97,$1.90,Completed
2026-08-16,TXN2247,Sale,$18.43,$0.44,Completed
2026-08-16,TXN2248,Sale,$39.16,$0.94,Completed
2026-08-16,TXN2249,Sale,$49.34,$1.18,Completed
2026-08-16,TXN2250,Sale,$44.66,$1.07,Completed
2026-08-16,TXN2251,Refund,($94.70),$0.00,Completed
2026-08-16,TXN2252,Sale,$89.86,$2.16,Completed
2026-08-16,TXN2253,Sale,$82.38,$1.98,Completed
2026-08-16,TXN2254,Sale,$15.09,$0.36,Completed
2026-08-16,TXN2255,Sale,$32.40,$0.78,Completed
2026-08-16,TXN2256,Sale,$31.73,$0.76,Completed
2026-08-16,TXN2257,Sale,$100.77,$2.42,Completed
2026-08-16,TXN2258,Sale,$72.73,$1.75,Completed
2026-08-16,TXN2259,Sale,$62.36,$1.50,Completed
2026-08-16,TXN2260,Sale,$84.45,$2.03,Completed
2026-08-16,TXN2261,Sale,$19.15,$0.46,Voided
2026-08-16,TXN2262,Sale,$59.47,$1.43,Completed
2026-08-16,TXN2263,Sale,$104.06,$2.50,Completed
2026-08-16,TXN2264,Sale,$8.08,$0.19,Completed
2026-08-16,TXN2265,Sale,$30.66,$0.74,Completed
2026-08-16,TXN2266,Sale,$22.77,$0.55,Completed
2026-08-16,TXN2267,Sale,$25.81,$0.62,Completed
2026-08-16,TXN2268,Sale,$38.69,$0.93,Completed
2026-08-16,TXN2269,Sale,$36.04,$0.86,Completed
2026-08-16,TXN2270,Sale,$109.23,$2.62,Completed
2026-08-16,TXN2271,Sale,$52.39,$1.26,Completed
2026-08-16,TXN2272,Sale,$86.34,$2.07,Completed
2026-08-16,TXN2273,Sale,$81.41,$1.95,Completed
2026-08-16,TXN2274,Sale,$8.12,$0.19,Completed
2026-08-16,TXN2275,Sale,$22.86,$0.55,Completed
2026-08-16,TXN2276,Sale,$84.16,$2.02,Completed
2026-08-16,TXN2277,Refund,($85.91),$0.00,Completed
2026-08-16,TXN2278,Sale,$118.67,$2.85,Completed
2026-08-16,TXN2279,Sale,$22.80,$0.55,Completed
2026-08-16,TXN2280,Sale,$50.90,$1.22,Voided
2026-08-16,TXN2281,Sale,$19.47,$0.47,Completed
2026-08-16,TXN2282,Sale,$106.67,$2.56,Completed
2026-08-16,TXN2283,Sale,$94.63,$2.27,Completed
2026-08-16,TXN2284,Sale,$22.91,$0.55,Completed
2026-08-16,TXN2285,Sale,$24.00,$0.58,Completed
2026-08-16,TXN2286,Sale,$8.95,$0.21,Completed
2026-08-16,TXN2287,Sale,$57.29,$1.37,Completed
2026-08-16,TXN2288,Sale,$78.34,$1.88,Completed
2026-08-16,TXN2289,Sale,$54.11,$1.30,Completed
2026-08-16,TXN2290,Sale,$104.32,$2.50,Completed
2026-08-16,TXN2291,Sale,$19.25,$0.46,Cancelled
2026-08-16,TXN2292,Sale,$74.03,$1.78,Completed
2026-08-16,TXN2293,Sale,$115.88,$2.78,Completed
2026-08-16,TXN2294,Sale,$23.66,$0.57,Completed
2026-08-16,TXN2295,Sale,$17.44,$0.42,Completed
2026-08-16,TXN2296,Sale,$75.20,$1.80,Completed
2026-08-16,TXN2297,Sale,$95.24,$2.29,Completed
2026-08-16,TXN2298,Sale,$102.96,$2.47,Completed
2026-08-16,TXN2299,Sale,$41.78,$1.00,Completed
2026-08-16,TXN2300,Sale,$65.07,$1.56,Completed
2026-08-16,TXN2301,Sale,$41.10,$0.99,Completed
2026-08-16,TXN2302,Sale,$108.57,$2.61,Voided
2026-08-17,TXN2303,Sale,$20.63,$0.50,Completed
2026-08-17,TXN2304,Sale,$74.52,$1.79,Completed
2026-08-17,TXN2305,Sale,$117.50,$2.82,Completed
2026-08-17,TXN2306,Sale,$112.60,$2.70,Completed
2026-08-17,TXN2307,Sale,$104.41,$2.51,Completed
2026-08-17,TXN2308,Sale,$48.93,$1.17,Completed
2026-08-17,TXN2309,Sale,$93.43,$2.24,Completed
2026-08-17,TXN2310,Sale,$94.28,$2.26,Completed
2026-08-17,TXN2311,Refund,($15.56),$0.00,Completed
2026-08-17,TXN2312,Sale,$12.46,$0.30,Completed
2026-08-17,TXN2313,Sale,$96.40,$2.31,Voided
2026-08-17,TXN2314,Sale,$78.40,$1.88,Completed
2026-08-17,TXN2315,Sale,$54.53,$1.31,Completed
2026-08-17,TXN2316,Sale,$17.23,$0.41,Completed
2026-08-17,TXN2317,Sale,$77.00,$1.85,Completed
2026-08-17,TXN2318,Sale,$42.71,$1.03,Completed
2026-08-17,TXN2319,Sale,$30.76,$0.74,Completed
2026-08-17,TXN2320,Sale,$68.08,$1.63,Completed
2026-08-17,TXN2321,Sale,$79.04,$1.90,Completed
2026-08-17,TXN2322,Sale,$84.28,$2.02,Completed
2026-08-17,TXN2323,Sale,$86.25,$2.07,Voided
2026-08-17,TXN2324,Sale,$102.80,$2.47,Completed
2026-08-17,TXN2325,Sale,$17.66,$0.42,Voided
2026-08-17,TXN2326,Sale,$58.78,$1.41,Completed
2026-08-17,TXN2327,Sale,$42.64,$1.02,Completed
2026-08-17,TXN2328,Sale,$90.95,$2.18,Completed
2026-08-17,TXN2329,Sale,$87.28,$2.09,Completed
2026-08-17,TXN2330,Sale,$26.35,$0.63,Completed
2026-08-17,TXN2331,Sale,$66.58,$1.60,Completed
2026-08-17,TXN2332,Sale,$88.73,$2.13,Completed
2026-08-17,TXN2333,Sale,$22.22,$0.53,Completed
2026-08-17,TXN2334,Sale,$38.10,$0.91,Completed
2026-08-17,TXN2335,Sale,$94.40,$2.27,Completed
2026-08-17,TXN2336,Refund,($98.40),$0.00,Completed
2026-08-17,TXN2337,Sale,$15.15,$0.36,Completed
2026-08-17,TXN2338,Sale,$72.58,$1.74,Completed
2026-08-17,TXN2339,Sale,$58.98,$1.42,Voided
2026-08-18,TXN2340,Sale,$104.25,$2.50,Voided
2026-08-18,TXN2341,Sale,$25.62,$0.61,Completed
2026-08-18,TXN2342,Sale,$108.16,$2.60,Completed
2026-08-18,TXN2343,Sale,$20.92,$0.50,Completed
2026-08-18,TXN2344,Sale,$8.29,$0.20,Completed
2026-08-18,TXN2345,Sale,$9.38,$0.23,Completed
2026-08-18,TXN2346,Sale,$48.77,$1.17,Voided
2026-08-18,TXN2347,Sale,$28.04,$0.67,Completed
2026-08-18,TXN2348,Sale,$11.96,$0.29,Completed
2026-08-18,TXN2349,Sale,$87.97,$2.11,Completed
2026-08-18,TXN2350,Sale,$33.15,$0.80,Completed
2026-08-18,TXN2351,Sale,$110.58,$2.65,Completed
2026-08-18,TXN2352,Sale,$100.51,$2.41,Completed
2026-08-18,TXN2353,Sale,$21.37,$0.51,Completed
2026-08-18,TXN2354,Sale,$13.90,$0.33,Completed
2026-08-18,TXN2355,Sale,$65.77,$1.58,Completed
2026-08-18,TXN2356,Sale,$52.90,$1.27,Voided
2026-08-18,TXN2357,Sale,$105.00,$2.52,Completed
2026-08-18,TXN2358,Sale,$42.80,$1.03,Completed
2026-08-18,TXN2359,Sale,$59.16,$1.42,Cancelled
2026-08-18,TXN2360,Sale,$40.66,$0.98,Completed
2026-08-18,TXN2361,Sale,$90.83,$2.18,Completed
2026-08-18,TXN2362,Sale,$49.25,$1.18,Completed
2026-08-18,TXN2363,Sale,$119.75,$2.87,Completed
2026-08-18,TXN2364,Sale,$90.04,$2.16,Completed
2026-08-18,TXN2365,Sale,$97.15,$2.33,Completed
2026-08-18,TXN2366,Sale,$112.43,$2.70,Completed
2026-08-18,TXN2367,Refund,($68.65),$0.00,Completed
2026-08-18,TXN2368,Sale,$85.67,$2.06,Completed
2026-08-18,TXN2369,Refund,($45.52),$0.00,Completed
2026-08-18,TXN2370,Sale,$50.14,$1.20,Completed
2026-08-18,TXN2371,Sale,$42.44,$1.02,Completed
2026-08-18,TXN2372,Sale,$118.11,$2.83,Completed
2026-08-18,TXN2373,Sale,$115.65,$2.78,Completed
2026-08-18,TXN2374,Sale,$23.95,$0.57,Completed
2026-08-18,TXN2375,Sale,$12.92,$0.31,Completed
2026-08-18,TXN2376,Sale,$102.70,$2.46,Completed
2026-08-18,TXN2377,Sale,$108.30,$2.60,Completed
2026-08-18,TXN2378,Sale,$91.76,$2.20,Completed
2026-08-18,TXN2379,Sale,$64.61,$1.55,Completed
2026-08-18,TXN2380,Sale,$52.17,$1.25,Completed
2026-08-19,TXN2381,Sale,$56.72,$1.36,Completed
2026-08-19,TXN2382,Sale,$34.52,$0.83,Completed
2026-08-19,TXN2383,Sale,$43.28,$1.04,Completed
2026-08-19,TXN2384,Sale,$86.48,$2.08,Completed
2026-08-19,TXN2385,Sale,$43.62,$1.05,Completed
2026-08-19,TXN2386,Sale,$16.36,$0.39,Completed
2026-08-19,TXN2387,Sale,$95.35,$2.29,Completed
2026-08-19,TXN2388,Sale,$25.41,$0.61,Completed
2026-08-19,TXN2389,Sale,$60.20,$1.44,Completed
2026-08-19,TXN2390,Sale,$68.02,$1.63,Completed
2026-08-19,TXN2391,Sale,$31.26,$0.75,Completed
2026-08-19,TXN2392,Sale,$37.68,$0.90,Completed
2026-08-19,TXN2393,Sale,$25.65,$0.62,Completed
2026-08-19,TXN2394,Sale,$100.56,$2.41,Completed
2026-08-19,TXN2395,Sale,$12.52,$0.30,Completed
2026-08-19,TXN2396,Sale,$44.71,$1.07,Completed
2026-08-19,TXN2397,Sale,$35.80,$0.86,Cancelled
2026-08-19,TXN2398,Sale,$65.51,$1.57,Completed
2026-08-19,TXN2399,Sale,$37.14,$0.89,Completed
2026-08-19,TXN2400,Sale,$11.48,$0.28,Completed
2026-08-19,TXN2401,Sale,$58.65,$1.41,Completed
2026-08-19,TXN2402,Sale,$35.98,$0.86,Completed
2026-08-19,TXN2403,Sale,$98.04,$2.35,Completed
2026-08-19,TXN2404,Sale,$9.34,$0.22,Completed
2026-08-19,TXN2405,Sale,$118.05,$2.83,Completed
2026-08-19,TXN2406,Sale,$100.25,$2.41,Completed
2026-08-19,TXN2407,Sale,$78.59,$1.89,Completed
2026-08-19,TXN2408,Sale,$73.22,$1.76,Completed
2026-08-19,TXN2409,Sale,$99.03,$2.38,Completed
2026-08-19,TXN2410,Refund,($15.22),$0.00,Completed
2026-08-19,TXN2411,Sale,$57.66,$1.38,Completed
2026-08-19,TXN2412,Sale,$109.37,$2.62,Completed
2026-08-19,TXN2413,Sale,$45.13,$1.08,Completed
2026-08-19,TXN2414,Sale,$59.63,$1.43,Voided
2026-08-19,TXN2415,Sale,$72.28,$1.73,Completed
2026-08-19,TXN2416,Sale,$52.24,$1.25,Completed
2026-08-19,TXN2417,Refund,($84.52),$0.00,Completed
2026-08-19,TXN2418,Sale,$32.05,$0.77,Completed
2026-08-19,TXN2419,Sale,$39.34,$0.94,Completed
2026-08-19,TXN2420,Sale,$11.88,$0.29,Completed
2026-08-19,TXN2421,Sale,$35.53,$0.85,Completed
2026-08-19,TXN2422,Sale,$54.14,$1.30,Completed
2026-08-19,TXN2423,Sale,$14.83,$0.36,Completed
2026-08-19,TXN2424,Sale,$23.37,$0.56,Completed
2026-08-19,TXN2425,Sale,$107.08,$2.57,Completed
2026-08-19,TXN2426,Sale,$78.64,$1.89,Completed
2026-08-19,TXN2427,Sale,$97.02,$2.33,Completed
2026-08-19,TXN2428,Sale,$95.57,$2.29,Completed
